"<ID|readonly|noverify>";"<English>";"<French>";"<Italian>";"<German>";"<Spanish>";"<Russian>";"<Polish>";"<Portuguese>";"<Turkish>";"<Korean>";"<Chinese>";"<Japanese>";"<TChinese>"
"debriefing/hdr";"Mission Summary";"Résumé de la mission";"Sommario missione";"Missionszusammenfassung";"Resumen de la Misión";"Итоги Миссии";"Podsumowanie misji";"Resumo da missão";"Görev Özeti";"임무 요약";"任\t务\t总\t结";"任務概要";"任\t務\t總\t結"
"debriefing/damaged";"Damaged";"Endommagé";"Danni";"Beschädigt";"Dañado";"Повреждено";"Uszkodzone";"Danificado";"Hasarlı";"손상됨";"击\t伤\t数\t量";"破損";"擊\t傷\t數\t量"
"debriefing/attempts";"Attempts";"Tentatives";"Tentativi";"Versuche";"Intentos";"Попыток";"Próby";"Tentativas";"Denemeler";"시도 횟수";"重\t试\t次\t数";"出撃できる\t回数";"重\t試\t次\t數"
"debriefing/primaryGoals";"Primary goals";"Buts primaires";"Obiettivi primari";"Primärziele";"Logros principales";"Основные цели";"Cele główne";"Principais objetivos";"Birincil hedefler";"1순위 목표";"主\t要\t目\t标";"主要目標";"主\t要\t目\t標"
"debriefing/secondaryGoals";"Secondary goals";"Buts secondaires";"Obiettivi secondari";"Sekundärziele";"Logros secundarios";"Второстепенные цели";"Cele poboczne";"Objetivos secundários";"İkincil hedefler";"2순위 목표";"次\t要\t目\t标";"二次目標";"次\t要\t目\t標"
"debriefing/awardsGained";"Awards won";"Prix remportés";"Premi vinti";"Auszeichnungen";"Premios ganados";"Получено наград";"Zdobyte nagrody";"Prêmios conquistados";"Kazanılan ödüller";"받은 보상";"获\t得\t嘉\t奖";"獲得した\tアワード";"獲\t得\t獎\t勵"
"debriefing/sessionTime";"Time";"Temps";"Tempo";"Zeit";"Tiempo";"Время";"Czas";"Tempo";"Zaman";"시간";"总\t共\t耗\t时";"時間帯";"時\t間"
"debriefing/missionDuration";"Mission Duration";"Durée de la mission";"Durata Missione";"Missionsdauer";"Duración de la Misión";"Продолжительность миссии";"Czas trwania misji";"Duração da Missão";"Görev Süresi";"임무 시간";"任\t务\t时\t长";"ミッションの\t継続時間";"任\t務\t時\t長"
"debriefing/timePlayed";"Time Played";"Temps Joué";"Tempo Giocato";"Spielzeit";"Tiempo Jugado";"Время игры";"Czas gry";"Tempo em jogo";"Oynanan Süre";"플레이 시간";"游\t戏\t时\t长";"プレイ\t時間";"遊\t戲\t時\t長"
"debriefing/timeMin";"min";"min";"min";"Min.";"min";"мин";"min";"min";"dakika";"분";"分";"分";"分"
"debriefing/timeSec";"sec";"sec";"sec";"Sek.";"seg";"сек";"sek";"seg";"sn";"초";"秒";"秒";"秒"
"debriefing/total";"Total";"Total";"Totale";"Gesamt";"Total";"Итого";"Suma";"Total";"Toplam";"합계";"总\t计";"合計";"總\t計"
"debriefing/total/modsResearch";"Modifications research";"Recherche de modifications";"Ricerca modifiche";"Modifikationsforschung";"Investigación de modificaciones";"Исследование модификаций";"Badanie modyfikacji";"Pesquisa de modificações";"Modifikasyon araştırması";"부품 연구";"研\t发\t改\t装\t件";"改造の\t研究";"研\t發\t改\t裝\t部\t件"
"debriefing/total/unitsResearch";"Vehicle research";"Recherche de véhicule";"Ricerca unità";"Fahrzeugforschung";"Investigación de vehículos";"Исследование техники";"Badanie maszyny";"Pesquisa de veículo";"Araştırılan Araç";"장비 연구";"研\t发\t载\t具";"機体の\t研究";"研\t發\t載\t具"
"debriefing/total/ecSpawnScore";"Reserve of respawn points";"Réserve de points de réapparition";"Riserva dei punti rigenerazione";"Einstiegspunkt-Reserve";"Reserva de puntos de reaparición";"Запас очков возрождения";"Rezerwa punktów odrodzenia";"Reserva de pontos de respawn";"Yeniden doğma puanı rezervi";"남은 부활 점수";"累\t积\t重\t生\t点\t数";"リスポーンポイントの\t確保";"累\t積\t重\t生\t點\t數"
"debriefing/total/wwSpawnScore";"Reserve of respawn points";"Points de respawn en réserve";"Riserva dei punti rigenerazione";"Einstiegspunkt-Reserve";"Reserva de puntos de reaparición";"Запас очков возрождения";"Rezerwa punktów odrodzenia";"Reserva de pontos de respawn";"Yeniden doğma puanı stoğu";"남은 부활 점수";"累\t积\t重\t生\t点\t数";"リスポーンポイントの\t確保";"累\t積\t重\t生\t點\t數"
"debriefing/activeBoosters";"Reward was increased using the following boosters";"Récompense augmentée par les boosters suivants";"La ricompensa è stata aumentata utilizzando i seguenti acceleratori";"Die Belohnung wurde durch die folgenden Booster erhöht";"La recompensa fue aumentada por las siguientes incrementaciones";"На награду действовали следующие усилители";"Nagroda została zwiększona przez następujące bonusy";"A recompensa foi aumentada pelo seguinte";"Ödül, bu güçlendiriciler ile arttırıldı:";"다음 부스터에 의해 보상이 증가했습니다.";"以\t下\t增\t益\t道\t具\t对\t收\t益\t提\t供\t了\t加\t成：";"ブースターによって\t報酬が\t増加しました。";"以\t下\t增\t益\t道\t具\t對\t收\t益\t提\t供\t了\t加\t成："
"debriefing/totalscore";"Total Score";"Score total";"Punteggio totale";"Gesamtpunkte";"Puntaje Total";"Общий счет";"Wynik całkowity";"Pontuação total";"Toplam Puan";"총 점수";"战\t斗\t得\t分";"合計\tスコア";"戰\t鬥\t得\t分"
"debriefing/tournamentBaseReward";"Win in a tournament";"Gagner un tournoi";"Vinci in un torneo";"Sieg in einem Turnier";"Victoria en el torneo";"Победа в турнире";"Wygraj w turnieju";"Vitória na copa/torneio";"Bir turnuva kazan";"토너먼트 승리";"竞\t技\t场\t比\t赛\t获\t胜";"トーナメントで\t勝つ";"獲\t得\t錦\t標\t賽\t勝\t利"
"debriefing/firstWinInDay";"First victory of the day";"Première victoire de la journée";"Prima vittoria del giorno";"Erster Sieg des Tages";"Primera victoria del día";"Первая победа за день";"Pierwsze zwycięstwo dnia";"Primeira vitória do dia";"Günün ilk zaferi";"오늘의 첫 승리";"每\t日\t首\t胜";"本日最初の\t勝利";"本\t日\t的\t第\t一\t次\t勝\t利"
"debriefing/ok";"OK";"OK";"OK";"OK";"Aceptar";"OK";"OK";"OK
";"Tamam";"확인";"确\t定";"確認";"確\t定"
"debriefing/destroyed";"Destroyed";"Détruit";"Distrutti";"Zerstört";"Destruido";"Уничтожено";"Zniszczone";"Destruído";"Yok edilen";"파괴";"歼\t敌\t数\t量";"撃破";"殲\t敵\t數\t量"
"debriefing/lost";"Lost";"Perdu";"Persi";"Verloren";"Pérdidas";"Потеряно";"Stracone";"Perdeu";"Kayıp";"패배";"被\t击\t落\t数";"喪失";"被\t擊\t落\t數"
"debriefing/landings";"Landings";"Atterrissages";"Atterraggi";"Landungen";"Aterrizajes";"Посадки";"Lądowania";"Aterragens/Pousos";"İnişler";"착륙 횟수";"着\t陆\t次\t数";"着陸成功";"著\t陸\t次\t數"
"debriefing/success";"Success";"Succès";"Successo";"Erfolg";"Éxito";"Миссия выполнена";"Sukces";"Sucesso";"Başarı";"성공";"成\t功";"成功";"成\t功"
"debriefing/fail";"Failure";"Échec";"Fallimento";"Misserfolg";"Fracaso";"Миссия провалена";"Porażka";"Falha";"Başarısızlık";"실패";"失\t败";"失敗";"失\t敗"
"debriefing/tragic";"This time you failed to carry out the orders. Try again.";"Vous avez échoué à suivre les instructions. Réessayez.";"Questa volta non hai portato a termine gli ordini. Riprova.";"Dieses Mal hast du deine Befehle nicht ausgeführt. Probiere es erneut.";"Esta vez no lograste cumplir las órdenes. Vuelve a intentarlo.";"В этот раз вам не удалось выполнить приказы командования.";"Tym razem nie udało ci się wykonać rozkazów. Spróbuj jeszcze raz.";"Desta vez você falhou em cumprir as ordens. Tentar novamente.";"Bu sefer emirleri yerine getirmeyi başaramadın, tekrar dene.";"명령을 수행하지 못했습니다, 다시 시도하십시오.";"任\t务\t失\t败。\t请\t再\t试\t一\t次。";"作戦は\t失敗に\t終わった。\t再度挑戦せよ。";"任\t務\t失\t敗。\t請\t再\t試\t一\t次。"
"debriefing/win_bonus";"Bonus for winning: +60%▉, +60%▻";"Bonus pour la victoire: +60%▉, +60%▻";"Bonus per la vittoria: +60%▉, +60%▻";"Siegesprämie: +60%▉, +60%▻";"Bonificación por ganar: +60%▉, +60%▻";"Бонус за победу: +60%▉, +60%▻";"Bonus za wygraną: +60 %▉, +60% ▻";"Bónus pela vitória: +60%▉, +60%▻";"Kazanma bonusu: +60%▉, +60%▻";"승리 보너스: +60%▉, +60%▻";"获\t胜\t加\t成：\t+60%\t▉、\t+60%\t▻";"勝利\tボーナス：\t+60%▉、\t+60%▻";"獲\t勝\t加\t成：\t+60%\t▉、\t+60%\t▻"
"pilots/newRank";"Pilot received a new rank";"Le pilote a atteint un nouveau rang";"Il pilota ha ricevuto un nuovo grado";"Pilot hat einen neuen Rang erhalten";"El piloto obtuvo un nuevo rango.";"Пилот получил новое звание";"Pilot otrzymał awans";"Piloto adquiriu uma nova patente";"Pilot yeni bir rütbe aldı";"파일럿의 랭크가 올랐습니다.";"人\t物\t等\t级\t提\t升！";"パイロットの\tランクが\t上がりました";"人\t物\t等\t級\t提\t升！"
"debriefing/budget";"Mission cost";"Coût de la mission";"Costo missione";"Missionskosten";"Coste de la misión";"Стоимость миссии";"Koszt misji";"Custo da missão";"Görev bedeli";"임무 비용";"任\t务\t费\t用";"ミッション\t費用";"任\t務\t費\t用"
"debriefing/kills";"Kills and assists";"Tués et blessés";"Abbattimenti e assist";"Abschüsse und Abschusshilfen";"Derribos y asistencias";"Убийства и совместные убийства";"Liczba zabójstw i asyst";"Mortes e assistências";"Öldürmeler ve yardımlar";"격파 및 어시스트";"击\t杀\t与\t助\t攻";"撃墜および\tアシスト";"擊\t殺\t與\t助\t攻"
"debriefing/Respawns";"Repairs & weapons";"Réparations et armes";"Riparazioni e armi";"Reparatur & Waffen";"Armas y Reparaciones";"Ремонт и вооружение";"Naprawy i uzbrojenie";"Reparações & armas";"Tamirler ve silahlar";"수리 및 무장";"维\t修\t与\t武\t器";"修理 & 武器";"維\t修\t與\t武\t器"
"debriefing/hosting_players";"Players";"Joueurs";"Giocatori";"Spieler";"Jugadores";"Игроки";"Gracze";"Jogadores";"Oyuncular";"플레이어";"玩\t家";"プレイヤー";"玩\t家"
"debriefing/victory";"Victory";"Victoire";"Vittoria";"Sieg";"Victoria";"Победа";"Zwycięstwo";"Vitória";"Zafer";"승리";"胜\t利";"勝利";"勝\t利"
"debriefing/dc";"Campaign award";"Prix de la campagne";"Premio campagna";"Kampagnenbelohnung";"Premio de la campaña";"Награда за кампанию";"Nagroda za kampanię";"Prêmio de campanha";"Harekat ödülü";"캠페인 보상";"战\t役\t奖\t励";"キャンペーン・アワード";"戰\t役\t獎\t勵"
"debriefing/defeat";"Defeat";"Défaite";"Sconfitta";"Niederlage";"Derrota";"Поражение";"Porażka";"Derrota";"Yenilgi";"패배";"失\t败";"敗北";"失\t敗"
"debriefing/deserter";"Deserter";"Déserteur";"Disertore";"Deserteur";"Desertor";"Дезертир";"Dezerter";"Desertor";"Kaçak";"탈영";"提\t前\t退\t出\t游\t戏";"脱走兵";"提\t前\t退\t出\t遊\t戲"
"debriefing/dataNotReceived";"Unable to retrieve data on the battle results";"Impossible de récupérer les données sur les résultats de la bataille";"Impossibile recuperare i dati dei risultati della battaglia";"Abrufen der Schlachtergebnissdaten nicht möglich";"No se pueden obtener los datos de los resultados de la batalla";"Не удалось получить данные о результатах боя";"Nie można pobrać danych o wynikach bitwy";"Não foi possível recuperar dados dos resultados da batalha";"Savaş sonuçlarıyla ilgili veriler alınamıyor";"전투 결과에 관한 데이터를 받을 수 없습니다";"未\t获\t得\t战\t局\t结\t算\t数\t据";"戦闘結果の\tデータを\t取得できません";"未\t獲\t得\t戰\t局\t結\t算\t數\t據"
"winReason/destroy";"All enemy vehicles destroyed";"Tous les véhicules ennemis sont détruits";"Tutti i mezzi nemici sono stati distrutti";"Alle feindlichen Fahrzeuge zerstört";"Todos los vehículos enemigos destruidos";"Вся вражеская техника уничтожена";"Wszystkie wrogie maszyny zostały zniszczone.";"Todos os veículos inimigos destruídos";"Tüm düşman araçları yok edildi";"모든 적 차량 파괴됨";"所\t有\t敌\t方\t载\t具\t均\t被\t摧\t毁！";"すべての\t敵機を\t破壊した";"所\t有\t敵\t方\t載\t具\t均\t被\t摧\t毀！"
"winReason/retreat";"The enemy suffered heavy losses and was forced to retreat";"L'ennemi a essuyé de lourdes pertes et a été contraint à battre en retraite";"Il nemico ha subito gravi perdite ed è stato costretto alla ritirata";"Der Feind hat schwere Verluste erlitten und wurde zum Rückzug gezwungen";"El enemigo ha sufrido grandes pérdidas y se ha visto obligado a retirarse";"Противник понёс большие потери и вынужден отступить";"Wróg odniósł duże straty i został zmuszony do odwrotu.";"O inimigo sofreu muitas baixas e foi forçado a bater em retirada";"Düşman ağır kayıplar verdi ve geri çekilmek zorunda kaldı";"적군이 큰 손실을 입고 후퇴하였습니다.";"敌\t方\t损\t失\t惨\t重，\t被\t迫\t撤\t退";"敵は\t大きな\t損害を\t受け、\t撤退を\t余儀なくされた";"敵\t方\t損\t失\t慘\t重，\t被\t迫\t撤\t退"
"loseReason/destroy";"All our vehicles are destroyed";"Tous nos véhicules sont détruits";"Tutti i nostri mezzi sono stati distrutti";"Alle unsere Fahrzeuge wurden zerstört";"Todos nuestros vehículos han sido destruidos";"Вся наша техника уничтожена";"Wszystkie nasze maszyny zostały zniszczone.";"Todos os nossos veículos estão destruídos";"Tüm araçlarımız yok edildi";"아군의 모든 장비가 파괴되었습니다.";"我\t方\t载\t具\t已\t损\t失\t殆\t尽";"すべての\t友軍機が\t破壊された";"我\t方\t載\t具\t已\t損\t失\t殆\t盡"
"loseReason/retreat";"We suffered heavy losses and were forced to retreat";"Nous avons essuyé de lourdes pertes et avons été contraint à battre en retraite";"Abbiamo subito gravi perdite e siamo stati costretti a ritirarci";"Wir haben schwere Verluste erlitten und wurden zum Rückzug gezwungen";"Hemos sufrido grandes pérdidas y nos hemos visto obligados a retirarnos";"Мы понесли большие потери и вынуждены отступить";"Odnieśliśmy duże straty i zostaliśmy zmuszeni do odwrotu.";"Sofremos baixas elevadas e fomos forçados a bater em retirada";"Ağır kayıplar verdik ve geri çekilmek zorunda kaldık";"아군이 큰 손실을 입고 후퇴하였습니다.";"我\t方\t遭\t遇\t重\t大\t损\t失，\t必\t须\t撤\t退";"我々は\t大きな\t損害を\t受け、\t撤退を\t余儀なくされた";"我\t方\t遭\t遇\t重\t大\t損\t失，\t必\t須\t撤\t退"
"debriefing/score";"Mission awards";"Prix de la mission";"Premi missione";"Missionsauszeichnungen";"Premios de la misión";"Награды за задание";"Nagrody za misję";"Prêmios da missão";"Görev ödülleri";"임무 수훈";"任\t务\t奖\t励";"ミッション・アワード";"任\t務\t獎\t勵"
"debriefing/length";"Session length";"Longueur de la session";"Durata sessione";"Sitzungsdauer";"Duración de la sesión";"Длительность игры";"Czas trwania sesji";"Duração da sessão";"Oturum süresi";"세션 길이";"游\t戏\t耗\t时";"セッションの\t持続時間";"遊\t戲\t耗\t時"
"debriefing/exp/total";"RP received";"XP reçue";"PE ricevuti";"FP erhalten";"Exp. recibida";"RP получено";"Zdobyte PB";"PP recebidos";"Elde edilen Araştırma Puanı";"획득한 연구점수";"获\t得\t研\t发\t点";"獲得\tRP";"獲\t得\t研\t發\t點"
"debriefing/pause";"Pause";"Pause";"Pausa";"Pause";"Pausa";"Пауза";"Pauza";"Pausa";"Duraklat";"일시정지";"暂\t停";"ポーズ";"暂\t停"
"missions/debriefing";"You have successfully completed the mission.";"Vous avez accompli la mission avec succès";"Hai completato con successo la missione.";"Du hast die Mission erfolgreich abgeschlossen.";"Has completado la misión exitosamente.";"Вы успешно завершили миссию.";"Misja zakończona sukcesem.";"Concluiu com êxito a missão.";"Görevi başarıyla tamamladın.";"성공적으로 임무를 완수했습니다.";"已\t成\t功\t完\t成\t该\t任\t务";"ミッションを\t無事遂行しました";"已\t經\t成\t功\t完\t成\t任\t務"
"debriefing/multiplier";"Difficulty multiplier";"Multiplicateur de difficulté";"Moltiplicatore difficoltà";"Schwierigkeitsmultiplikator";"Multiplicador de dificultad";"Множитель сложности";"Mnożnik trudności";"Multiplicador de dificuldade";"Zorluk çarpanı";"난이도 배수";"难\t度\t因\t子";"難易度倍増";"難\t度\t倍\t數"
"debriefing/receivedAwards";"Awards and unlocks received";"Médailles et Récompenses reçues";"Premi e sbloccabili ricevuti";"Auszeichnungen und Freischaltungen erhalten";"Premios recibidos y contenidos desbloqueados";"Полученные бонусы и награды";"Otrzymane nagrody i elementy odblokowane.";"Prémios e conteúdos desbloqueados recebidos";"Ödüller ve açılımlar kazandın";"보상과 잠금 해제";"嘉\t奖\t与\t解\t锁\t项";"獲得した\tアワードと\tアンロック";"獎\t勵\t和\t解\t鎖\t項"
"debriefing/AirKills";"Aircraft destroyed";"Avions abattus";"Aereo Abbattuto";"Zerstörte Flugzeuge";"Avión destruido";"Самолётов сбито";"Zniszczone samoloty";"Aeronave destruida";"Uçak İmha Edildi";"적기 격추";"空\t中\t目\t标\t击\t坠\t数";"敵機撃墜数";"空\t中\t目\t標\t擊\t墜\t數"
"debriefing/NavalKills";"Vessels destroyed";"Navires détruits";"Navi affondate";"Zerstörte Schiffe";"Buques destruidos";"Потоплено кораблей";"Zniszczone okręty";"Embarcações destruídas";"Yok edilen gemiler";"함선 격침";"水\t面\t单\t位\t摧\t毁\t数";"撃破した\t艦船";"水\t面\t單\t位\t摧\t毀\t數"
"debriefing/PlayerPlace";"Team position";"Position dans l'équipe";"Posizione della squadra";"Teamposition";"Posición del equipo";"Место в команде";"Miejsce w zespole";"Posição da equipe";"Takım pozisyonu";"팀 순위";"排\t名";"チーム\t内の\t役割";"排\t名"
"debriefing/NavalKillsF";"Friendly vessels destroyed";"Navires alliés détruits";"Navi alleate affondate";"Verbündete Schiffe wurden zerstört";"Barcos aliados destruidos";"Потоплено дружественных кораблей";"Zniszczone sojusznicze okręty";"Embarcações amigas destruídas";"Yok edilen dost gemiler";"격침한 아군 함선";"友\t军\t水\t面\t单\t位\t误\t伤\t数";"フレンドリーキル";"友\t軍\t水\t面\t單\t位\t誤\t傷\t數"
"debriefing/GroundKills";"Ground units destroyed";"Unités au sol détruites";"Unità di terra distrutte";"Zerstörte Bodeneinheiten";"Unidades terrestres destruidas";"Уничтожено наземных единиц";"Zniszczone jednostki naziemne";"Unidades terrestres destruídas";"İmha edilen yer birimleri";"지상/해상 목표 격파";"地\t面\t单\t位\t摧\t毁\t数";"地上・\t海上部隊撃破数";"地\t面\t單\t位\t摧\t毀\t數"
"debriefing/GroundKillsF";"Friendly ground units destroyed";"Unités au sol amies détruites";"Unità di terra alleate distrutte";"Zerstörte Bodeneinheiten (Verbündete)";"Unidades de superficie aliadas destruidas";"Уничтожение дружественных наземных единиц";"Zniszczone sojusznicze jednostki naziemne";"Unidades terrestres amigas destruídas";"İmha edilen müttefik yer birimleri";"오폭한 아군 지상/해상 목표";"友\t军\t地\t面\t单\t位\t误\t伤\t数";"友軍地上・\t海上部隊撃破数";"友\t軍\t地\t面\t單\t位\t誤\t傷\t數"
"debriefing/Captures";"Zones captured";"Zones capturées";"Zone conquistate";"Gebiete erobert";"Bases capturadas";"Захват зон";"Przejęte strefy";"Bases capturadas";"Ele geçirilen üsler";"점령한 지역";"基\t地\t占\t领\t数";"ゾーン\t占領数";"基\t地\t佔\t領\t數"
"debriefing/Landings";"Landings";"Atterrissages";"Atterraggi";"Landungen";"Aterrizajes";"Посадки";"Lądowania";"Aterragens";"İnişler";"착륙 성공";"着\t陆\t次\t数";"着陸成功";"著\t陸\t次\t數"
"debriefing/Takeoffs";"Takeoffs";"Décollages";"Decolli";"Starts";"Despegues";"Взлёты";"Starty";"Decolagens";"Kalkışlar";"이륙 성공";"出\t击\t次\t数";"離陸総数";"出\t擊\t次\t數"
"debriefing/Sights";"Enemies spotted";"Ennemi repéré";"Nemici individuati";"Gesichtete Feinde";"Enemigo divisado";"Обнаружение врагов";"Spostrzeżeni wrogowie";"Inimigo avistado";"Tespit edilmiş düşmanlar";"적 발견 횟수";"发\t现\t敌\t方\t单\t位";"敵発見数";"發\t現\t敵\t方\t單\t位"
"debriefing/NewPlane";"New vehicle RP";"Nouveau RP de véhicule";"Esperienza nuovo aereo";"Neue Fahrzeug-FP";"Exp. de avión nuevo";"Очки исследований на новой технике";"PB nowej maszyny";"PP de novo avião";"Yeni araç Araştırma Puanı";"새로운 장비 연구점수";"新\t载\t具\t研\t发\t点";"新機体\tRP";"新\t載\t具\t研\t發\t點"
"debriefing/Destruction";"Base destruction";"Destruction de base";"Distruzione Basi";"Basen zerstört";"Destrucción de bases";"Разрушение баз";"Zniszczenie baz";"Base Destruída ";"Üsler yok ediliyor";"파괴한 기지";"摧\t毁\t基\t地";"基地破壊数";"基\t地\t摧\t毀"
"debriefing/Damage";"Base bombing (TNT, tons)";"Bombardement de bases (tonnes de TNT)";"Bombardamento delle Basi (TNT, tonnellate)";"Schaden an Basen (TNT in Tonnen)";"Base dañada";"Бомбардировка баз (TNT, тонны)";"Bombardowanie baz (równoważnik trotylowy)";"Base Danificada (TNT, tons)";"Üs hasarı (TNT, ton)";"기지 폭격 (TNT 톤수)";"轰\t炸\t基\t地\t（TNT 当\t量，\t吨）";"基地損傷";"轟\t炸\t基\t地\t（TNT 當\t量，\t噸）"
"debriefing/Critical";"Critical hits";"Coups critiques";"Colpi critici";"Kritische Treffer";"Impactos críticos";"Критические повреждения";"Trafienia krytyczne";"Acertos Críticos";"Kritik hasarlar";"치명타";"致\t命\t攻\t击";"クリティカルヒット";"致\t命\t攻\t擊"
"debriefing/Hit";"Hits";"Coups";"Colpi";"Treffer";"Impactos";"Повреждения";"Trafienia";"Acertos";"Hasarlar";"명중";"命\t中\t次\t数";"ヒット";"命\t中\t次\t數"
"debriefing/Assist";"Assist";"Assistance";"Assist";"Abschusshilfe";"Asistencia";"Поддержка";"Asysty";"Assistência ";"Asist";"어시스트";"助\t攻\t次\t数";"アシスト";"助\t攻\t次\t數"
"debriefing/Overkill";"Finish off";"Finir";"Colpo di grazia";"Erledigen";"Acabar";"Добивание";"Wykończ";"Finalizou";"Bitir";"마무리";"疯\t狂\t毁\t灭";"撃破";"瘋\t狂\t毀\t滅"
"debriefing/Rounds";"Rounds won";"Tours gagnés";"Round vinti";"Gewonnene Runden";"Rondas ganadas";"Раундов выиграно";"Rundy wygrane";"Rodadas vencidas";"Kazanılan rauntlar";"승리한 라운드 수";"回\t合\t胜\t利";"勝利\tラウンド\t数";"回\t合\t勝\t利"
"debriefing/Mission";"Mission Reward";"Récompense de mission";"Premio missione";"Belohnung aus der Mission";"Misión Completada";"Награда за миссию";"Nagroda za misję";"Recompensa da Missão";"Görev Ödülü";"임무 보상";"任\t务\t收\t益";"任務報酬";"任\t務\t收\t益"
"debriefing/MissionWinReward";"Reward for winning";"Récompense pour la victoire";"Ricompensa per la vittoria";"Siegesprämie";"Recompensa por ganar";"Награда за победу";"Nagroda za zwycięstwo";"Recompensa por ganhar";"Kazanma ödülü";"승리 보상";"获\t胜\t奖\t励";"勝利報酬";"獲\t勝\t獎\t勵"
"debriefing/MissionLoseReward";"Reward for participating in the mission";"Récompense pour avoir participé à la mission";"Premio per aver partecipato alla missione";"Teilnahmeprämie";"Recompensa por participar en la misión";"Награда за участие в миссии";"Nagroda za udział w misji";"Recompensa por participar na missão";"Göreve katıldığınız için ödül";"임무 참가 보상";"参\t与\t任\t务\t奖\t励";"ミッション\t参加報酬";"參\t加\t任\t務\t獎\t勵"
"debriefing/MissionNegative";"Mission failure";"Échec de la mission";"Missione fallita";"Mission fehlgeschlagen";"Misión fallida";"Провал миссии";"Misja zakończona niepowodzeniem";"Missão falhada";"Görev Başarısız";"임무 실패";"任\t务\t失\t败";"ミッション\t失敗";"任\t務\t失\t敗"
"debriefing/Difficulty";"Difficulty settings";"Paramètres de difficulté";"Impostazioni difficoltà";"Schwierigkeits-Einstellungen";"Configuración de dificultad";"Сложность";"Ustawienia poziomu trudności";"Niveis de dificuldade";"Zorluk seviyeleri";"난이도 설정";"难\t度\t设\t置";"難易度設定";"難\t度\t設\t定"
"debriefing/TeamKills";"Kills made by teammates";"Tués par coéquipiers";"Uccisioni del team";"Team-Abschüsse";"Matanzas de equipo";"Сбитые товарищами по команде";"Zabójstwa przez członków drużyny";"Mortes feitas pelos colegas";"Takım arkadaşlarının öldürdükleri";"오인공격에 의한 사망";"队\t友\t歼\t敌";"チーム\t撃墜総数";"隊\t友\t擊\t殺"
"debriefing/FriendlyKills";"Friendly kills";"Meurtres amicaux";"Uccisione amica";"Teamkills";"Fuego Amigo";"Стрельба по союзникам";"Ogień sojuszniczy.";"Morte de membros de equipa";"Öldürülen Dostlar";"아군 격파";"误\t伤\t友\t军";"フレンドリーキル";"誤\t傷\t友\t軍"
"debriefing/Scouting";"Scouting";"Repérage";"Avvistamento";"Aufklärung";"Reconocimiento";"Разведка";"Rozpoznanie";"Reconhecimento";"Gözcülük";"정찰";"侦\t察\t次\t数";"偵察";"偵\t察\t次\t數"
"debriefing/Scout";"Targets scouted";"Cibles repérées";"Bersagli avvistati";"Aufgeklärte Ziele";"Objetivos localizados";"Разведано целей";"Wykryto cele";"Alvos Identificados";"Keşfedilmiş hedefler";"정찰한 표적";"侦\t察\t目\t标";"ターゲット\t偵察済み";"偵\t察\t目\t標"
"debriefing/ScoutCriticalHit";"Scouted targets damaged";"Cibles repérées endommagées";"Bersagli avvistati danneggiati";"Beschädigung aufgeklärter Ziele";"Objetivos localizados dañados";"Разведанные цели получили урон";"Wykryte cele zostały uszkodzone";"Alvos observados danificados";"Keşfedilmiş hedefler vuruldu";"정찰한 표적이 아군에게 피격당했습니다.";"受\t致\t命\t伤\t的\t已\t侦\t察\t目\t标";"偵察していた\t標的が\tダメージを\t負っている";"偵\t察\t目\t標\t受\t到\t傷\t害"
"debriefing/ScoutKill";"Scouted targets destroyed (by intelligence)";"Cibles repérées détruites (à l'aide du repérage)";"Bersagli avvistati distrutti (dalla intelligence)";"Zerstörung aufgeklärter Ziele (durch Ausspähung)";"Objetivos localizados destruidos (por inteligencia)";"Разведанные цели уничтожены (по разведданным)";"Wykryte cele zostały zniszczone (dzięki rozpoznaniu)";"Alvos observados destruídos (pela inteligência)";"Keşfedilmiş hedefler yok edildi (istihbarat ile)";"정찰한 목표물이 파괴되었습니다.";"被\t摧\t毁\t的\t已\t侦\t察\t目\t标\t（提\t供\t情\t报）";"偵察していた\t標的が、\t諜報部員によって\t破壊された";"摧\t毀\t已\t經\t偵\t查\t的\t目\t標\t(透\t過\t情\t報)"
"debriefing/ScoutKillUnknown";"Scouted targets destroyed";"Cibles repérées détruites";"Bersagli avvistati distrutti";"Zerstörung aufgeklärter Ziele";"Objetivos localizados destruidos";"Разведанные цели уничтожены";"Wykryte cel zostały zniszczone";"Alvos observados destruídos";"Keşfedilmiş hedefler yok edildi";"정찰한 표적이 파괴되었습니다";"被\t摧\t毁\t的\t已\t侦\t察\t目\t标";"偵察していた\t標的が\t破壊された";"摧\t毀\t已\t經\t偵\t查\t的\t目\t標"
"debriefing/exp_and_reward_will_be_later";"Rewards for a match will be awarded after the match is finished.";"L'expérience et les récompenses pour le match sont remises une fois la partie terminée.";"L'esperienza e i premi della partita vengono accreditati al termine della stessa.";"Die Belohnungen werden nach Abschluss der Mission vergeben.";"La experiencia y las recompensas de la partida se entregan una vez finalizada.";"Награда будет выдана по окончании матча.";"Punkty doświadczenia i nagrody za rozgrywkę przyznawane są po jej zakończeniu.";"As recompensas do jogo são concedidas depois de acabar a batalha.";"Maç için ödüller maç bittikten sonra verilecektir.";"보상은 해당 임무가 끝난 후 받게 됩니다.";"收\t益\t将\t在\t战\t斗\t结\t束\t后\t自\t动\t结\t算。";"対戦による\t経験値および\tリワードは\tミッション\t終了後に\t授与されます。";"收\t益\t將\t在\t戰\t鬥\t結\t束\t後\t自\t動\t結\t算。"
"debriefing/wager_result_will_be_later";"Wager result will be reported after the match is finished.";"Le résultat du Wager sera connu après la fin de la partie.";"Il risultato della scommessa sarà conosciuto solo a partita finita.";"Ergebnis des Wetteinsatzes wird nach Ende der Schlacht verkündet.";"Resultado de la apuesta se conocerá después que la partida haya terminado.";"Результат пари станет известен по окончании матча.";"Wynik zakładu będzie znany po zakończeniu meczu.";"O resultado da aposta será conhecido após o encontro terminar.";"Bahis sonucu maç bittikten sonra öğrenilebilir.";"내기 결과는 임무가 끝나면 알 수 있습니다.";"任\t务\t合\t同\t状\t况\t将\t在\t战\t斗\t结\t束\t后\t更\t新。";"賭け\t試合の\t終了後に\t結果が\t公開されます。";"任\t務\t合\t同\t狀\t況\t將\t在\t戰\t鬥\t結\t束\t後\t更\t新。"
"debriefing/SpentForInsurance";"Insurance";"Assurance";"Assicurazione";"Versicherung";"Seguro";"Страховка";"Ubezpieczenie";"Seguro";"Sigorta";"수리비";"保\t险";"保険";"保\t險"
"debriefing/not_enough_money_for_insurance";"Not enough Silver Lions to pay for insurance. The aircraft will not be repaired.";"Pas assez de Silver Lion pour payer les réparations. L'avion ne sera pas réparé.";"Leoni insufficienti per pagare l'assicurazione. L'aereo non verrà riparato.";"Nicht genug Lions zum Bezahlen der Versicherung. Das Flugzeug wird nicht repariert.";"No tienes leones suficientes para pagar el seguro. La aeronave no se reparará.";"Недостаточно Серебряных львов для оплаты страховки. Самолёты не будут отремонтированы.";"Nie masz dość lwów, by opłacić usługę. Samolot nie zostanie naprawiony.";"Leões insuficientes para pagar o seguro. A aeronave não será reparada.";"Sigorta için ödeyecek yeterli Gümüş Aslan yok. Uçak tamir edilmeyecek.";"수리비를 지불할 라이온이 부족하여 항공기를 수리할 수 없습니다.";"银\t狮\t余\t额\t不\t足\t以\t支\t付\t保\t险\t金。\t飞\t机\t无\t法\t维\t修。";"保険の\t支払いに\t必要な\tライオンが\t不足しています。\t航空機は\t修理されません。";"沒\t有\t足\t夠\t的\t銀\t獅\t幣\t支\t付\t保\t險，\t飛\t機\t將\t無\t法\t被\t維\t修"
"debriefing/Activity";"Activity";"Activité";"Attività";"Aktivität";"Actividad";"Активность";"Doświadczenie za aktywność";"Atividade";"Faaliyet";"활동량";"活\t跃\t度";"アクティビティ";"活\t躍\t度"
"debriefing/activityTime";"Activity Time";"Temps d'activité";"Tempo di Attività";"Aktive Spielzeit";"Tiempo de Actividad";"Время активности";"Czas aktywności";"Tempo de atividade";"Katılım Süresi";"활동 시간";"活\t跃\t时\t长";"アクティブ\t時間";"活\t躍\t時\t長"
"debriefing/BattleTime";"Battle Time";"Temps de la bataille";"Tempo di battaglia";"Schlachtdauer";"Duración de la batalla";"Время боя";"Czas bitwy";"Tempo de batalha";"Muharebe Süresi";"전투 시간";"交\t战\t时\t长";"戦闘時間";"交\t戰\t時\t長"
"debriefing/Unlocks";"Achievements";"Accomplissements";"Obiettivi conseguiti";"Erfolge";"Logros";"Достижения";"Osiągnięcia";"Troféus";"Başarılar";"업적";"任\t务\t成\t就";"実績";"成\t就"
"debriefing/MultiRespawns";"Respawns in battle";"Réapparitions en bataille";"Rigenerazioni in battaglia";"Einstiege in der Schlacht";"Reapariciones en batalla";"Возрождения в бою";"Odrodzenia w bitwie";"Respawns em batalha";"Yeniden Doğmalar";"부활 비용";"重\t生\t次\t数";"戦闘に\tリスポーン";"重\t生\t次\t數"
"debriefing/award_already_received";"You have already received the reward for completing this mission at the current difficulty.";"Vous avez déjà reçu la récompense pour avoir rempli cette mission avec le niveau de difficulté actuel.";"Hai già ricevuto il premio per aver completato questa missione al livello di difficoltà selezionato.";"Du hast bereits die Belohnung für den Abschluss dieser Mission auf dem aktuellen Schwierigkeitsgrad erhalten.";"Ya has recibido la recompensa por completar esta misión en el nivel de dificultad actual.";"Награда за прохождение этой миссии на данном уровне сложности уже была получена.";"Posiadasz już nagrodę za wykonanie tej misji na obecnym poziomie trudności.";"Já recebeu a recompensa por completar esta missão na dificuldade seleccionada.";"Şuanki zorluk için olan görevi tamamlama ödülünü zaten aldın.";"현재 난이도에서 이 임무를 완수하는 데 따른 보상을 이미 받았습니다.";"当\t前\t难\t度\t已\t通\t关，\t无\t法\t重\t复\t获\t得\t奖\t励。";"現在の\t難易度で\tミッションを\t完了した\t分の\t報酬を\t既に\t受け\t取っています。";"當\t前\t難\t度\t已\t通\t關，\t無\t法\t重\t複\t獲\t得\t獎\t勵。"
"debriefing/award_reduced";"The reward for this mission is reduced due to the daily mission limit.";"La récompense de cette mission est réduite en raison de la limite quotidienne de la mission.";"Il premio per questa missione è stato ridotto a causa del limite missioni giornaliero.";"Die Belohnung für diese Mission wird aufgrund der täglichen Missionsbeschränkung reduziert.";"La recompensa de esta misión se ha reducido debido al límite diario de misiones.";"Награда за миссию снижена, так как лимит миссий, за которые может выдаваться награда, на сегодня исчерпан.";"Nagroda za tę misję jest obniżona ze względu na dzienny limit misji.";"A recompensa para esta missão é reduzida devido ao limite diário de missões.";"Bu görevin ödülü günlük görev limiti yüzünden düşürüldü.";"일일 임무 한도에 도달하여 이 임무를 수행함으로써 받는 보상이 감소하였습니다.";"已\t达\t每\t天\t的\t任\t务\t数\t上\t限，\t本\t任\t务\t的\t收\t益\t相\t应\t减\t少。";"この\tミッションの\t報酬は、\tデイリーミッション\t制限により\t減らされます。";"已\t達\t每\t天\t的\t任\t務\t數\t上\t限，\t本\t任\t務\t的\t收\t益\t相\t應\t減\t少。"
"debriefing/award_reduced_noPrem";"Your mission limit would be higher with a Premium account.";"Votre limite de mission serait plus élevée avec un compte Premium.";"Il limite missioni può essere innalzato acquistando un account Premium.";"Ihre tägliches Missionslimit ist bei einem Premium-Konto erweitert.";"Tu límite de misiones sería superior con una cuenta premium.";"Вы можете повысить лимит миссий при помощи Премиум-аккаунта.";"Twój limit misji stanie się większy, jeśli będziesz mieć konto premium.";"O seu limite de missões seria maior com uma conta Premium.";"Premium hesabın olsaydı görev limitin daha yüksek olurdu.";"프리미엄 계정을 활성화하면 임무 보상을 더 많이 받을 수 있습니다.";"高\t级\t账\t号\t的\t任\t务\t数\t上\t限\t更\t高。";"あなたの\tミッション\t制限は\tプレミアムアカウントで\t高くなります。";"高\t級\t帳\t號\t的\t任\t務\t數\t上\t限\t更\t高。"
"debriefing/mission_played_too_fast";"No reward; this mission was completed too quickly.";"Aucune récompense ; Cette mission a été effectuée trop rapidement.";"Nessun premio; questa missione è stata completata in un tempo troppo breve.";"Keine Belohnung, da diese Mission zu schnell abgeschlossen wurde.";"No hay recompensa; has completado esta misión demasiado rápido.";"Награда не начислена, так как миссия была завершена слишком быстро.";"Brak nagrody. Misja ukończona zbyt szybko.";"Nenhuma recompensa; Esta missão foi concluída muito rapidamente.";"Ödül yok; bu görev çok çabuk tamamlandı.";"임무를 너무 빨리 마쳤기 때문에 보상이 주어지지 않았습니다.";"任\t务\t完\t成\t过\t快，\t没\t有\t奖\t励。";"報酬なし。\tこの\tミッションの\t完了が\t早すぎました。";"因\t任\t務\t完\t成\t太\t快\t而\t沒\t有\t獎\t勵。"
"debriefing/most_award_after_battle";"The remaining part of the award will be accrued at the end of the fight.";"La partie restante de la récompense va être accordée à la fin du combat.";"La parte rimanente del premio sarà riscossa alla fine della battaglia.";"Der Rest Ihrer Belohnung wird am Ende der Schlacht verrechnet.";"La parte restante del premio se otorgará cuando acabe la batalla.";"Оставшаяся часть награды будет начислена по завершении боя.";"Pozostała część nagrody zostanie doliczona na koniec bitwy.";"A parte restante da recompensa será obtida no final da batalha.";"Ödülün kalan kısmını muharebe sonunda alacaksın.";"보상은 전투가 끝난 후에 계산되어 지급됩니다.";"完\t整\t收\t益\t将\t在\t战\t斗\t结\t束\t后\t自\t动\t结\t算。";"ミッション\t終了後に\t残りの\t報酬も\t追加されます。";"完\t整\t收\t益\t將\t在\t戰\t鬥\t結\t束\t後\t自\t動\t結\t算。"
"debriefing/Premium";"Premium Bonus";"Bonus Premium";"Bonus premium";"Premium-Bonus";"Bonificaciones premium";"Бонус от премиума";"Premia dla posiadaczy kont premium";"Bónus Premium";"Premium Bonusu";"프리미엄 보너스";"高\t级\t账\t号\t加\t成";"プレミアムボーナス";"高\t級\t帳\t號\t加\t成"
"debriefing/Boosters";"Boosters Bonus";"Bonus de boosters";"Bonus Acceleratori";"Boni durch Booster";"Bonificación de impulsores";"Бонус от усилителей";"Bonusy z kart";"Impulsionador de bónus";"İticilerin Bonusu";"부스터 보너스";"增\t益\t方\t案\t提\t供\t的\t加\t成";"ブースターボーナス";"增\t益\t方\t案\t提\t供\t的\t加\t成"
"debriefing/prevBattlesPremiumAward";"Premium award for today's fights";"Récompense Premium pour les combats d'aujourd'hui";"Premio per i combattimenti odierni";"Premium-Belohnungen für die heutigen Schlachten";"Recompensas Premium para las batallas de hoy";"Премиум-награда за бои за день";"Nagrody premium za dzisiejsze loty";"Recompensa Premium para os combates de hoje";"Bugün ki savaşlar içi premium ödülü";"오늘 해낸 전투에 대한 프리미엄 보상";"今\t天\t的\t高\t级\t账\t号\t作\t战\t收\t益\t加\t成";"今日の\t戦いの\tプレミアムアワード";"今\t天\t的\t高\t級\t帳\t號\t作\t戰\t收\t益\t加\t成"
"debriefing/freeExp";"Convertible RP";"RP libre";"Esperienza Convertibile";"Konvertierbare FP";"Experiencia convertible";"Свободные очки исследований";"Wolne PB";"PP convertíveis";"Dönüştürülebilir Araştırma Puanı";"자유 연구 점수";"自\t由\t研\t发\t点";"フリー RP";"自\t由\t研\t發\t點"
"debriefing/new_aircrafts_available";"New vehicles available";"Nouveaux véhicules disponibles";"Nuove unità disponibili";"Neue Fahrzeuge verfügbar";"Nuevas aeronaves disponibles";"Доступна новая техника";"Dostępny nowy pojazd";"Novo(s) veículo(s) disponível/disponíveis";"Yeni araçlar mevcut";"새로운 장비를 사용할 수 있습니다.";"有\t新\t载\t具\t可\t用";"新しい\t機体が\t購入可能です";"有\t新\t載\t具\t可\t以\t使\t用"
"debriefing/placeInMyTeam";"Place in the team";"Place dans l'équipe";"Piazzamento nella squadra";"Platz im Team";"Lugar en el equipo";"Место в команде";"Miejsce w drużynie";"Lugar na equipa";"Takımdaki yer";"팀내 순위";"队\t中\t排\t名";"チーム\t内での\t順位";"隊\t中\t排\t名"
"debriefing/earnedScores";"Earned scores";"Scores obtenus";"Punti ottenuti";"Erreichte Punkte";"Puntuación obtenida";"Очков заработано";"Uzyskany wynik";"Pontuações ganhas";"Kazanılan puan";"얻은 점수";"获\t得\t分\t数";"獲得\tスコア";"獲\t得\t分\t數"
"debriefing/preliminaryResults";"Preliminary results";"Résultats préliminaires";"Risultati preliminari";"Zwischenergebnisse";"Resultados preliminares";"Предварительные результаты";"Wstępne wyniki";"Resultados preliminares";"İlk sonuçlar";"예비 결과";"初\t步\t战\t果";"一次結果";"初\t步\t結\t果"
"debriefing/my_stats";"My results";"Mes résultats";"I miei risultati";"Eigene Ergebnisse";"Mis resultados";"Мои результаты";"Moje wyniki";"Meus resultados";"Sonuçlarım";"전투 결과";"战\t果\t汇\t总";"結果";"戰\t果\t匯\t總"
"debriefing/awards_list";"My mission awards";"Mes récompenses de mission";"I miei premi di missione";"Eigene Auszeichnungen";"Mis recompensas por las misiones";"Мои награды за миссию";"Moje nagrody za misje";"As minhas recompensas pela missão";"Görev Ödüllerim";"수훈 사항";"任\t务\t嘉\t奖";"ミッションアワード";"任\t務\t嘉\t獎"
"debriefing/noAwardsCaption";"You have destroyed an allied vehicle.
No streaks will be rewarded for this battle.
Achievement progress will also not advance.";"Vous avez détruit un véhicule allié.
Aucune action ne sera récompensée pour cette bataille.
Vous ne passez donc pas à l'étape suivante vers le succès.";"Hai distrutto una unità alleata.
Non vi saranno ricompense per questa battaglia.
Anche i progressi non avanzeranno.";"Du hast ein verbündetes Fahrzeug zerstört.
Für diese Schlacht werden weder die von dir erreichten Erfolgsserien,
noch deine Fortschritte zu Erfolgen gezählt.";"Has destruido un vehículo enemigo.
No obtendrás recompensas por esta batalla.
Progreso del logro no avanzará tambien.";"В бою вы уничтожили технику союзника.
Боевые награды за этот бой выданы не будут.
Действия, совершённые в этом бою, также не учтутся в прогрессе достижений.";"Zniszczyłeś jednostkę sprzymierzeńca. 
Kolejne podobne czyny mogą sprawić, że zostaniesz wyrzucony z bitwy. 
Postęp w osiągnięciach nie będzie brany pod uwagę.";"Você destruiu um veículo aliado.
Nenhuma conquista em série será recompensada nesta batalha.
O progresso das conquistas também não avançará.";"Bir müttefik aracı yok ettin.
Bu savaş için ödül verilmeyecek.
Başarım ilerlemesi de kaydedilmeyecek.";"당신은 아군 차량을 파괴했습니다.
이 전투에 대한 킬스트릭 보상은 없습니다.
도전과제 진행 수치에도 누적되지 않습니다.";"你\t击\t杀\t了\t友\t军：
所\t有\t连\t杀\t奖\t励\t均\t作\t废；
各\t相\t关\t成\t就\t进\t度\t亦\t不\t会\t有\t任\t何\t增\t长。";"友軍車両を\t破壊してしまいました。\tこの\tバトルでの\t報酬はありません。\tまた\t達成状況も\t変動しません。";"你\t摧\t毀\t了\t友\t軍\t的\t載\t具：
所\t有\t連\t殺\t獎\t勵\t均\t作\t廢；
各\t相\t關\t成\t就\t進\t度\t亦\t不\t會\t有\t任\t何\t進\t展。"
"debriefing/noAwardsCaption/noMinActivity";"Not enough Activity to receive a Reward.";"Activité insuffisante pour recevoir une récompense.";"Non hai abbastanza Attività per ricevere una Ricompensa.";"Keine Belohnung erhalten - Aktivität zu niedrig.";"No hay suficiente actividad para recibir una recompensa.";"Недостаточно активности для получения награды.";"Zbyt mała aktywność, by otrzymać nagrodę.";"Atividade insuficiente para receber uma recompensa.";"Ödül almak için Etkinlik yeterli değil.";"활동량이 낮아서 보상을 받을 수 없습니다.";"活\t跃\t度\t不\t足，\t无\t法\t获\t取\t奖\t励。";"報酬を\t受け\t取るには\tアクティビティが\t十分ではありません。";"沒\t有\t足\t夠\t的\t活\t耀\t度\t可\t以\t獲\t得\t獎\t勵"
"debriefing/players_stats";"Player statistics";"Statistiques des joueurs";"Statistiche del giocatore";"Spieler-Statistiken";"Estadísticas de los jugadores";"Статистика игроков";"Statystyki graczy";"Estatísticas dos jogadores";"Oyuncu istatistikleri";"플레이어 전적";"排\t名\t统\t计";"プレイヤーの\t統計情報";"排\t名\t統\t計"
"debriefing/chat_history";"Chat history";"Historique de conversation";"Cronologia chat";"Chat-Verlauf";"Historial de chat";"История чата";"Historia czatu";"Histórico de chat";"Sohbet geçmişi";"대화 기록";"聊\t天\t记\t录";"チャット\t履歴";"聊\t天\t記\t錄"
"debriefing/battle_log";"Battle log";"Journal de bataille";"Registro Battaglie";"Schlachtprotokoll";"Registro de batalla";"Журнал боя";"Raport bitewny";"Registos de Batalha";"Muharebe günlüğü";"전투 기록";"战\t斗\t日\t志";"参戦記録";"戰\t鬥\t記\t錄"
"debriefing/BattleTrophy";"Battle trophies";"Trophées de bataille";"Trofei di battaglia";"Schlacht-Trophäen";"Trofeos de la batalla";"Боевые трофеи";"Trofea bitewne";"Troféus de batalha";"Muharebe Ganimetleri";"전투 보상금";"作\t战\t奖\t赏";"バトルトロフィー";"戰\t鬥\t作\t戰\t物\t資"
"debriefing/BattleTrophy/desc";"Congratulations! You've received a battle trophy!";"Félicitations ! Vous avez reçu un trophée de bataille !";"Congratulazioni! Hai ricevuto un trofeo da battaglia!";"Herzlichen Glückwunsch! Du hast eine Trophäe erhalten!";"¡ Felicidades! ¡Has recibido un trofeo de batalla!";"Поздравляем! Вы получили боевой трофей!";"Gratulacje! Otrzymałeś trofea bitewne!";"Parabéns! Recebeu um troféu de batalha!";"Tebrikler! Muharebe ganimeti kazandın!";"축하합니다! 전투 보상금을 획득하셨습니다!";"恭\t喜\t你\t获\t得\t了\t作\t战\t奖\t赏！";"おめでとうございます ！\tバトルトロフィーが\t授与されました ！";"恭\t喜！\t你\t獲\t得\t了\t作\t戰\t物\t資！"
"debriefing/BattleTrophy/tooltip";"You have a chance of receiving one of these battle trophies after each battle:
1000 ▻
5000 ▻
10000 ▻
50000 ▻
100000 ▻
1000000 ▻

Your chances of gaining trophies depend on your combat effectiveness, time spent in battle, and the number of players in the session.";"Vous avez une chance de recevoir un de ces trophées après chaque bataille:
1000 ▻
5000 ▻
10000 ▻
50000 ▻
100000 ▻
1000000 ▻

Vos chances d'obtenir des trophées dépendent de votre efficacité au combat, du temps passé en bataille et du nombre de joueurs dans la partie.";"Hai la possibilità di ricevere uno di questi trofei dopo ciascuna battaglia:
1000 ▻
5000 ▻
10000 ▻
50000 ▻
100000 ▻
1000000 ▻

La probabilità di ricevere i trofei dipende dalle tue azioni di combattimento, il tempo speso in battaglia ed numero di giocatori nella partita.";"Nach jeder Schlacht haben Sie die Chance, eine der folgenden Kampftrophäen zu erhalten:
1000 ▻
5000 ▻
10000 ▻
50000 ▻
100000 ▻
1000000 ▻

Ihre Chance, eine Trophäe zu erhalten, hängt von Ihrer Kampfeffektivität, der in der Schlacht verbrachten Zeit und der Anzahl der Spieler in der Sitzung ab.";"Tienes la oportunidad de recibir uno de estos trofeos de batalla después de cada batalla: 
1000 ▻
5000 ▻ 
10000 ▻ 
50000 ▻
100000 ▻
1000000 ▻

Tus posibilidades de ganar trofeos dependen de la efectividad en combate, el tiempo en el aire y el número de jugadores en la sesión.";"После каждого боя у вас есть возможность получить один из боевых трофеев:
1000 ▻
5000 ▻
10000 ▻
50000 ▻
100000 ▻
1000000 ▻

Вероятность получения боевых трофеев зависит от боевой эффективности, времени, проведённого в бою, а также количества игроков в сессии.";"Masz szansę otrzymania poniższych trofeów bitewnych po każdej bitwie:
1000 ▻
5000 ▻
10000 ▻
50000 ▻
100000 ▻
1000000 ▻

Twoje szanse na zdobycie trofea zależą od efektywności w walce, czasu spędzonego w bitwie oraz liczby graczy biorących udział w danej sesji.";"Você tem uma chance de receber um destes troféus após cada batalha: 
1000 ▻ 
5000 ▻ 
10000 ▻ 
50000 ▻
100000 ▻ 
1000000 ▻ 

As suas chances de ganhar troféus dependem da sua eficácia em combate, do tempo gasto em batalha e do número de jogadores na sessão.";"Her savaşta bu ganimetlerden birini kazanma şansına sahipsin:
1000 ▻
5000 ▻
10000 ▻
50000 ▻
100000 ▻
1000000 ▻

Ödül kazanma şansın muharebedeki verimliliğine, savaşta geçirdiğin zamana ve maçtaki oyuncu sayısına bağlıdır.";"전투가 끝날 때마다 아래와 같은 전투 보상금을 받을 수 있습니다.
1,000 ▻
5,000 ▻
10,000 ▻
50,000 ▻
100,000 ▻
1,000,000 ▻

전투 보상금을 받을 확률은 전투 효율, 비행 시간, 전투에 참가한 플레이어의 숫자에 따라 달라집니다.";"每\t场\t战\t斗\t后\t都\t有\t机\t会\t获\t得\t下\t列\t奖\t赏\t之\t一：
1000 ▻
5000 ▻
10000 ▻
50000 ▻
100000 ▻
1000000 ▻

奖\t赏\t发\t放\t的\t几\t率\t取\t决\t于\t你\t在\t本\t场\t中\t的\t战\t斗\t表\t现、\t交\t战\t时\t间、\t以\t及\t总\t参\t与\t人\t数。";"各戦闘の\t後、\t以下のうちどれかの\tバトルトロフィーを\t獲得できる\tチャンスがあります：\t
1000 ▻
5000 ▻
10000 ▻
50000 ▻
100000 ▻
1000000 ▻

バトルトロフィーを\t獲得する\tチャンスは\t戦闘効率、\t戦闘時間、\tセッションの\tプレイヤー\t数により\t左右されます。";"每\t場\t戰\t鬥\t後\t都\t有\t機\t會\t獲\t得\t下\t列\t獎\t賞\t之\t一：
1000 ▻
5000 ▻
10000 ▻
50000 ▻
100000 ▻
1000000 ▻

獎\t賞\t發\t放\t的\t機\t率\t取\t決\t於\t你\t在\t本\t場\t中\t的\t戰\t鬥\t表\t現、\t交\t戰\t時\t間、\t以\t及\t總\t參\t與\t人\t數。"
"debriefing/MissionObjective";"Mission Objectives and Orders";"Objectifs de la mission";"Obbiettivi ed Ordini della Missione";"Missionsziele und Befehle";"Objetivos de la misión";"Задачи миссии и приказы";"Cele i Rozkazy w misji";"Objetivos e Ordens da Missão";"Görev Hedefleri";"임무 목표 및 지령";"任\t务\t目\t标";"任務目標";"任\t務\t目\t標"
"debriefing/research_list";"Researching progress";"Progrès de recherche";"Progresso ricerca";"Forschungsfortschritt";"Progreso de la investigación";"Прогресс исследований";"Postęp badania";"Progresso na pesquisa";"Devam eden araştırma";"연구 진척도";"改\t装\t件\t研\t发\t进\t度";"研究状況";"研\t發\t進\t度"
"debriefing/researched_unit";"Researched unit";"Unité recherchée";"Unità ricercata";"Erforschte Einheit:";"Unidad investigada";"Исследуемая техника";"Jednostka zbadana";"Unidade de pesquisa";"Araştırılan birim";"연구 완료한 장비";"载\t具\t研\t发\t进\t度";"研究完了";"載\t具\t研\t發\t進\t度"
"debriefing/Efficiency";"Research efficiency";"Efficacité de la recherche";"Efficenza di ricerca";"Forschungseffizienz";"Eficiencia de la investigación";"Эффективность исследования";"Efektywność badania";"Eficiência de pesquisa";"Araştırma verimliliği";"연구 효율";"研\t发\t效\t率";"研究効率";"研\t發\t效\t率"
"debriefing/expBonusByDiff";"Bonus research at difficulty %s";"Prime de recherche pour la difficulté %s";"Bonus ricerca sulla difficoltà %s";"Forschungsbonus auf Schwierigkeit %s";"Bonificación investigación en dificultad %s";"Бонус исследования на сложности %s";"Bonusowe na poziomie trudności %s";"Bónus de pesquisa na dificuldade %s";"%s zorluk seviyesinde araştırma bonusu";"난이도에 따른 연구 보너스 %s";"所\t选\t难\t度\t对\t研\t发\t效\t率\t的\t加\t成 %s";"難易度 %s での\tボーナス\t研究";"所\t選\t難\t度\t對\t研\t發\t效\t率\t的\t加\t成 %s"
"debriefing/BestLap";"Best Lap Time";"Meilleur tour";"Miglior tempo sul giro";"Beste Rundenzeit";"Mejor vuelta";"Лучшее время круга";"Najlepszy czas okrążenia";"Melhor tempo";"En iyi tur zamanı";"최단 기록";"单\t圈\t最\t好\t成\t绩";"最高\tラップタイム";"單\t圈\t最\t好\t成\t績"
"debriefing/all_units_researched";"Earned %s, but all vehicles have been researched.";"A gagné %s, mais tous les véhicules sont recherchés.";"Hai guadagnato %s, ma tutte le unità sono state già ricercate.";"%s erhalten. Alle Fahrzeuge wurden bereits erforscht.";"Ganados %s, pero todos los vehículos han sido investigados.";"Заработано %s, но вся техника исследована.";"Zdobyto %s, ale wszystkie pojazdy zostały zbadane.";"Ganhou %s, mas todos os veículos foram pesquisados.";"%s kazanıldı, fakat bütün araçlar araştırıldı.";"%s 만큼의 연구 점수를 얻었습니다. 그러나 이미 모든 장비가 연구 완료되었습니다.";"获\t得 %s，\t但\t已\t无\t可\t研\t发\t载\t具。";"%s 獲得しましたが、\tこれ\t以上研究できる\t項目はありません。";"獲\t得 %s，\t但\t已\t無\t可\t研\t發\t載\t具。"
"debriefing/but_all_mods_researched";"Earned %s,
but all modifications have been researched.";"Gagné %s, mais toutes les modifications sont recherchées.";"Guadagnati %s,
ma tutte le modifiche sono già ricercate.";"%s erhalten. Alle Modifikationen wurden bereits erforscht.";"Ganados %s,
pero todas las modificaciones ya han sido investigadas.";"Заработано %s,
но все модификации исследованы.";"Zdobyto %s, lecz wszystkie modyfikacje są zbadane.";"Ganhou %s,
mas todas as modificações estão pesquisadas.";"%s kazanıldı
ancak bütün modifikasyonlar zaten araştırıldı.";"%s 만큼의 연구 점수를 얻었습니다.
그러나 이미 모든 부품이 연구 완료되었습니다.";"获\t得\t了 %s
但\t已\t无\t可\t供\t研\t发\t的\t改\t装\t件";"%s 獲得しましたが、\t
これ\t以上研究できる\t項目はありません。";"獲\t得\t了 %s
但\t已\t無\t可\t供\t研\t發\t的\t改\t裝\t件"
"debriefing/but_not_available_mods";"Earned %s,
but you need to purchase modifications for research.";"Gagné %s, mais il faut acheter des modifications pour la recherche.";"Guadagnati %s,
ma è necessario acquistare le modifiche per la ricerca.";"%s erhalten,
aber es müssen vorher Modifikationen gekauft werden.";"Ganados %s,
pero usted tiene que comprar las modificaciones para la investigación.";"Заработано %s,
но для исследования нужно купить модификации.";"Zarobiono %s, należy jednak kupić modyfikacje do badań.";"Ganhou %s,
mas necessita de comprar modificações para pesquisar.";"%s kazanıldı,
ancak araştırmak için modifikasyonları satın almalısınız.";"%s 만큼의 연구 점수를 얻었습니다.
그러나 연구를 위하여 부품을 구입해야 합니다.";"获\t得\t了 %s
但\t需\t要\t买\t出\t改\t装\t件\t以\t便\t后\t续\t研\t发";"%s 獲得しましたが、\t
研究の\t前に\t改修を\t行う\t必要があります。";"獲\t得\t了 %s
但\t需\t要\t購\t買\t改\t裝\t部\t件\t以\t便\t後\t續\t研\t發"
"debriefing/but_not_any_research_active";"Earned %s,
But there is no modification selected for research.";"Gagné %s,
Mais il n'y a aucune modification sélectionnée pour la recherche.";"Hai guadatnato %s,
Ma non ci sono modifiche selezionate per la ricerca.";"%s erhalten. Keine Modifikationen zur Forschung ausgewählt.";"Ganaste %s pero no hay modificaciones en desarrollo.";"Заработано %s,
Но ни одна модификация не выбрана для исследования.";"Zdobyto %s,
Ale wszystkie modyfikacje zostały już zbadane. ";"Ganhou %s,
Mas não existe modificações selecionadas para pesquisa.";"%s kazanıldı,
Ancak araştırma için hiçbir modifikasyon seçilmedi.";"%s를 얻었습니다.
그러나 연구를 위해 선택된 부품이 없습니다.";"获\t得\t了 %s
但\t未\t选\t择\t任\t何\t改\t装\t件\t供\t研\t发";"%s を\t獲得、\t
ただし\t開発のために\t選択された\t改造がありません。";"獲\t得\t了 %s,
但\t還\t沒\t有\t選\t擇\t研\t發\t的\t改\t裝\t部\t件"
"debriefing/EfficiencyReason";"Research efficiency depends on difficulty level and rank difference. Also, in researching the next vehicle in the range, the previous one receives bonus research points.";"L'efficacité de la recherche dépend du niveau de difficulté et de la différence de rang. En recherchant l'avion suivant dans la gamme, le précédent reçoit des points bonus de recherche.";"L'efficienza della ricerca dipende dalla difficoltà del livello e dalla differenza dei gradi. Inoltre, ricercando il prossimo aereo, quello precedente ottiene un bonus di punti ricerca.";"Die Forschungseffizienz hängt vom Schwierigkeitsgrad und dem Rangunterschied ab. Bei der Erforschung des nächsten Fahrzeugs einer Forschungslinie erhältst du mit dem Vorgängermodell einen Forschungspunktebonus.";"La eficiencia de la investigación depende del nivel de dificultad y la diferencia de rango. Además, al investigar el próximo vehículo de la rama, el vehículo previo recibe una bonificación de puntos de investigación.";"Эффективность исследования зависит от уровня сложности и разницы в рангах. Также, при исследовании следующей техники в линейке предыдущая получает бонус к очкам исследований.";"Wydajność badania zależy od stopnia trudności oraz od zróżnicowania ery. Ponadto, poprzez badanie następnego samolotu w drzewku rozwoju, poprzedni otrzymuje bonusowe punkty badawcze.";"A eficiência da pesquisa depende do nível de dificuldade e da diferença de patente. Também, por pesquisar o próximo veículo, o anterior recebe um bónus de pontos de pesquisa.";"Araştırma verimliliği zorluk seviyesine ve seviye farkına bağlıdır. Ayrıca, bir sonraki aracı araştırırken bir önceki araç ile bonus araştırma puanı kazanabilirsiniz.";"연구 효율은 난이도와 랭크에 따라 달라집니다. 또한 장비를 연구할 때, 연구 계통도의 바로 이전 단계 장비를 사용하면 연구 점수 보너스를 받을 수 있습니다.";"研\t发\t效\t率\t取\t决\t于\t载\t具\t等\t级\t与\t难\t度\t选\t择。\t此\t外，\t在\t研\t发\t后\t续\t载\t具\t时，\t当\t前\t载\t具\t的\t改\t装\t件\t可\t获\t得\t研\t发\t速\t度\t加\t成。";"研究効率は\t難易度\tレベルと\t階級の\t差によって\t異なります。\tまた\t同じ\t範囲内の\t次の\t機体を\t研究することで、\t前の\t機体には\tボーナス\tRP\t値が\t与えられます。";"研\t發\t效\t率\t取\t決\t於\t載\t具\t等\t級\t與\t難\t度\t選\t擇。\t此\t外，\t在\t研\t發\t後\t續\t載\t具\t時，\t當\t前\t載\t具\t的\t改\t裝\t件\t可\t獲\t得\t研\t發\t速\t度\t加\t成。"
"debriefing/bonusToNextUnit";"(bonus to the next vehicle in the range: {unitName})";"(bonus pour le prochain véhicule: {unitName})";"(bonus per la prossima unità nella linea: {unitName})";"(Bonus auf das nächste Fahrzeug im Bereich: {unitName})";"(bonificación para el próximo vehículo del rango: {unitName})";"(бонус в следующую технику в линейке: {unitName})";"(bonus dla kolejnego pojazdu: {unitName})";"(bónus para o próximo veículo em alcance: {unitName})";"(sonraki araç için bonus: {unitName})";"(다음 범위에 있는 장비에 보너스: {unitName})";"（对\t下\t一\t载\t具 {unitName} 的\t加\t成）";"（範囲内にいる\t次の\t兵器に\t報酬を\t付与：\t{unitName}）";"（對\t下\t一\t載\t具 {unitName} 的\t加\t成）"
"debriefing/ecSpawnScore";"Saved respawn points can be used in the next battle in the same game mode for the same country";"Les points de réapparition peuvent être utilisé dans la prochaine bataille du même mode de jeu, avec le même pays";"I punti di rigenerazione salvati possono essere usati nella prossima battaglia della stessa modalità per la stessa nazione";"Die Einstiegspunkt-Reserve kann in der nächsten Schlacht verwendet werden, sofern der gleiche Spielmodus und die gleiche Nation gespielt werden.";"Los puntos de reaparición guardados pueden ser usados en la próxima batalla en el mismo modo de juego para el mismo país";"Сохранённые очки возрождения могут быть использованы в следующем бою в том же режиме за ту же страну";"Zachowane punkty odrodzenia mogą być użyte w następnej bitwie w tym samym trybie rozgrywki tą samą nacją";"Pontos de respawn guardados podem ser usados na batalha seguinte no mesmo modo de jogo pela mesma nação";"Kalan yeniden doğma puanları bir sonraki savaşa aynı ülke için aynı oyun modunda girerseniz kullanılabilir";"남은 부활 점수는 같은 국가로 수행하는 같은 게임 모드의 다음 전투에 사용할 수 있습니다.";"使\t用\t该\t国\t载\t具\t再\t度\t加\t入\t相\t同\t模\t式\t的\t战\t斗，\t则\t能\t够\t使\t用\t累\t积\t的\t重\t生\t点\t数";"防衛した\tリスポーンポイントは、\t同じ\t国と\tゲームモードを\t選択した\t次の\t戦闘で\t使用することができます。";"使\t用\t該\t國\t載\t具\t再\t度\t加\t入\t相\t同\t模\t式\t的\t戰\t鬥，\t則\t能\t夠\t使\t用\t累\t積\t的\t重\t生\t點\t數"
"debriefing/wwSpawnScore";"Saved respawn points can be used in the next battle of the World War without reference to the operation and the country";"Les points de respawn sauvegardés peuvent être utilisés lors de la prochaine bataille de World War sans référence à l'opération et au pays";"I punti di rigenerazione salvati possono essere usati nella prossima battaglia della Guerra Mondiale indipendentemente dall'operazione e nazione";"Übrige Einstiegspunkte können in der nächsten Schlacht des Weltkriegs ohne Bezug auf die Operation und das Land verwendet werden";"Los puntos de reaparición guardados pueden ser usados en la próxima batalla de la Guerra Mundial sin referencia a la operación y el país";"Сохранённые очки возрождения могут быть использованы в следующей битве Мировой войны без привязки к операции и стране";"Zachowane punkty odrodzeń mogą zostać użyte w następnej bitwie bez odniesienia do operacji i kraju";"Pontos de respawn guardados que podem ser usadas na próxima batalha do modo Guerra Mundial sem alusão à operação e nação";"Harcanmayan doğma puanları, ülke ve harekattan bağımsız olarak bir sonraki çarpışmada kullanılabilirler";"사용하지 않은 부활 점수는 다음 세계 대전 전투에서 작전이나 국가에 상관없이 사용할 수 있습니다.";"积\t累\t的\t重\t生\t点\t数\t可\t在\t下\t一\t场\t世\t界\t大\t战\t战\t斗\t中\t使\t用，\t且\t不\t受\t军\t事\t行\t动\t和\t国\t家\t的\t限\t制";"確保した\tリスポーンポイントは、\t作戦や\t国家に\t関係なく\t次の\t世界大戦で\t使用することができます";"積\t累\t的\t重\t生\t點\t數\t可\t在\t下\t一\t場\t世\t界\t大\t戰\t戰\t鬥\t中\t使\t用，\t且\t不\t受\t軍\t事\t行\t動\t和\t國\t家\t的\t限\t制"
"debriefing/battleRating/units";"Player's vehicles (battle rating)";"Véhicules du joueur (battle rating)";"Unità del giocatore (livello di combattimento)";"Spielerfahrzeuge (Kampfeinstufung)";"Vehículos del jugador (rating de batalla)";"Техника игрока (боевой рейтинг)";"Maszyny gracza (klasyfikacja bitewna)";"Veículos do jogador (classificação de batalha)";"Oyuncunun araçları (savaş puanı)";"보유 장비 (배틀 레이팅)";"玩\t家\t载\t具\t（分\t房\t权\t重）";"プレイヤーの\t機体 (バトルレート)";"玩\t家\t載\t具\t（分\t房\t權\t重）"
"debriefing/battleRating/total";"Total battle rating";"Battle rating total";"Livello di combattimento totale";"Gesamt-Kampfeinstufung";"Rating de batalla total";"Общий боевой рейтинг";"Łączna klasyfikacja bitewna";"Classificação de batalha total";"Toplam savaş puanı";"총 배틀 레이팅";"综\t合\t分\t房\t权\t重";"バトルレートの\t合計";"綜\t合\t分\t房\t權\t重"
"debriefing/battleRating/squad";"Squad's battle rating";"Battle rating de l'escouade";"Livello di combattimento del plotone";"Staffel-Kampfeinstufung";"Rating de batalla del escuadrón";"Боевой рейтинг отряда";"Klasyfikacja bitewna oddziału";"Classificação de batalha da equipe";"Takım'ın savaş puanı";"편대 배틀 레이팅";"小\t队\t分\t房\t权\t重";"分隊の\tバトルレート";"小\t隊\t分\t房\t權\t重"
"debriefing/boostersEffect";"Booster gives you";"Le booster vous donne";"L'acceleratore ti dà";"Aktive Booster bewirken";"Impulsor te da";"Усилитель принёс вам";"Bonusy dają ci";"O booster dá";"İticinin size verdiği";"부스터 효과";"增\t益\t方\t案\t提\t供";"ブースターを\t与えます。";"增\t益\t方\t案\t提\t供"
"debriefing/squadScore";"Squad score";"Score de l'escouade";"Punteggio Plotone";"Staffel-Punktzahl";"Puntuación del escuadrón";"Счёт отряда";"Wynik oddziału";"Pontuação da equipe";"Takım Puanı";"소대 점수";"小\t队\t分\t数";"分隊の\tスコア";"小\t隊\t分\t數"
"debriefing/battle_log/filter/local_player";"Mine";"Personnel";"Mia";"Mein";"Mio";"Мои";"Ja";"Meu";"Benimki";"내 기록";"我\t的";"自分";"我\t的"
"debriefing/used_items";"Used items";"Objets utilisés";"Oggetti utilizzati";"Gegenstände verwendet";"Artículos usados";"Использованные предметы";"Użyte przedmioty";"Itens usados";"Kullanılan eşyalar";"사용한 아이템";"已\t使\t用\t道\t具";"使用済み\tアイテム";"已\t使\t用\t道\t具"
"debriefing/awardHasAlreadyBeenReceived";"The award has already been received";"La récompense a déjà été reçue";"Ricompensa già ottenuta";"Die Belohnung wurde bereits gutgeschrieben";"El premio ya ha sido recibido";"Награда уже была получена";"Otrzymałeś już nagrodę";"O prémio já foi recebido";"Ödül zaten alındı";"보상을 이미 획득하였습니다.";"已\t获\t取\t过\t该\t奖\t励。";"報酬はすでに\t受け\t取っています。";"獎\t勵\t已\t領\t取"
"debriefing/yourShipDestroyed";"Your ship is destroyed";"Votre navire est détruit";"La tua nave é distrutta";"Ihr Schiff wurde zerstört";"Tu barco ha sido destruido";"Ваш корабль уничтожен";"Twój okręt został zniszczony.";"O seu navio está destruído";"Geminiz yok edildi";"함선이 파괴되었습니다";"舰\t艇\t全\t毁";"あなたの\t艦船が\t破壊された";"艦\t艇\t全\t毀"
"debriefing/yourPlatoonDestroyed";"Your platoon is destroyed";"Votre peloton a été détruit";"Il tuo plotone é distrutto";"Ihr Zug wurde zerstört";"Tu pelotón ha sido destruido";"Ваш взвод уничтожен";"Twój pluton został zniszczony.";"O seu navio está destruído";"Müfrezeniz yok edildi";"소대가 전멸하였습니다";"队\t列\t出\t击\t载\t具\t耗\t尽";"あなたの\t小隊が\t壊滅した";"小\t隊\t載\t具\t損\t失\t殆\t盡"
"debriefing/damageDealt";"Damage score";"Score de dégâts";"Punteggio danni";"Schaden-Punktzahl";"Puntuación de daño";"Очки за повреждения";"Punkty uszkodzeń";"Pontuação dos danos";"Hasar puanı";"데미지 점수";"伤\t害\t点\t数";"ダメージスコア";"傷\t害\t點\t數"
"debriefing/playerExp";"Player Experience";"Expérience de Joueur";"Esperienza Giocatore";"Spielererfahrung";"Experiencia de Jugador";"Опыт игрока";"Doświadczenie gracza";"Experiência do Jogador";"Oyuncu deneyimi";"플레이어 경험치";"玩\t家\t经\t验";"プレイヤー\t経験値";"玩\t家\t經\t驗"
"debriefing/shipExp";"Ship Experience";"Expérience de Navire";"Esperienza Nave";"Schiffserfahrung";"Experiencia de Barco";"Опыт корабля";"Doświadczenie okrętu";"Experiência do Navio";"Gemi deneyimi";"함선 경험치";"舰\t艇\t经\t验";"艦船経験値";"艦\t艇\t經\t驗"
"debriefing/platoonExp";"Platoon Experience";"Expérience de Peloton";"Esperienza Plotone";"Zugerfahrung";"Experiencia de Pelotón";"Опыт взвода";"Doświadczenie plutonu";"Experiência do Pelotão";"Müfreze Deneyimi";"소대 경험치";"队\t列\t经\t验";"小隊経験値";"小\t隊\t經\t驗"
"debriefing/newLevel";"New level!";"Nouveau niveau!";"Nuovo Livello!";"Neue Stufe!";"¡Nuevo nivel!";"Новый уровень!";"Nowy poziom!";"Novo nível!";"Yeni Seviye!";"새 레벨!";"新\t等\t级!";"新しい\tレベル!";"新\t等\t級!"
"debriefing/battleReward";"Reward for battle";"Récompense pour la bataille";"Ricompensa della battaglia";"Belohnung für die Schlacht";"Recompensa por la batalla";"Награда за бой";"Nagroda za bitwę";"Recompensa pela batalha";"Savaş ödülü";"전투 보상";"战\t斗\t收\t益";"戦闘報酬";"戰\t鬥\t收\t益"
"debriefing/battleReward/withPremium";"Reward with Premium";"Récompense avec du Premium";"Ricompensa con il Premium";"Belohnung mit Premium";"Recompensa con Premium";"Награда с Премиумом";"Nagroda z premium";"Recompensa com Premium";"Premium ödülü";"프리미엄 보상";"高\t级\t账\t号\t收\t益";"プレミアム\t報酬";"高\t級\t帳\t號\t收\t益"
"debriefing/battleReward/premiumNotEarned";"With Premium it would be";"Avec du Premium, ce serait";"Con il Premium sarebbe";"Mit Premium wäre es";"Con Premium sería";"С Премиумом было бы";"Z premium nagroda obejmowałaby";"Com Premium seria";"Premium ile";"프리미엄 사용 시";"高\t级\t账\t号\t收\t益";"プレミアムだと";"高\t級\t帳\t號\t可\t獲\t得"
"debriefing/tryPremium";"Try Premium";"Essayez le Premium";"Prova il Premium";"Premium testen";"Prueba Premium";"Попробовать Премиум";"Wypróbuj premium";"Experimentar Premium";"Premiumu Dene";"프리미엄 사용해보기";"试\t用\t高\t级\t账\t号";"プレミアムを\t試す";"試\t用\t高\t級\t帳\t號"
"debriefing/streaks";"Battle awards";"Battle awards";"Battle awards";"Battle awards";"Battle awards";"Боевые достижения";"Battle awards";"Battle awards";"Battle awards";"Battle awards";"Battle awards";"Battle awards";"Battle awards"
"debriefing/lostExp";"Experience is not added to progress.
You need to go to the next level.";"L'expérience n'est pas ajoutée à la progression.
Il vous faut passer au niveau supérieur.";"Esperienza non aggiunta ai progressi.
Devi avanzare al prossimo livello.";"Erfahrung wird dem Fortschritt nicht hinzugefügt.
Sie müssen die nächste Stufe erreichen.";"La experiencia no se suma al progreso.
Es necesario pasar al siguiente nivel.";"Опыт не добавлен к прогрессу.
Необходимо перейти на следующий уровень.";"Doświadczenie nie zostało dodane do postępów.
Musisz przejść na kolejny poziom.";"A experiência não é adicionada ao seu progresso.
Tem de subir para o próximo nível.";"İlerlemeye deneyim eklenmedi. Bir sonraki seviyeye geçmen gerekiyor.";"경험치가 반영되지 않았습니다.
다음 레벨로 진행해야 합니다.";"经\t验\t尚\t未\t计\t入\t进\t度。
必\t须\t升\t至\t下\t一\t等\t级。";"進行度に\t経験値は\t加算されません。\t
次の\tレベルに\t移行する\t必要があります。";"經\t驗\t尚\t未\t計\t入\t進\t度。
必\t須\t升\t至\t下\t一\t等\t級。"
