"<ID|readonly|noverify>";"<English>";"<French>";"<Italian>";"<German>";"<Spanish>";"<Russian>";"<Ukrainian>";"<Polish>";"<Portuguese>";"<Turkish>";"<Korean>";"<Chinese>";"<Japanese>";"<TChinese>";"<Comments>";"<max_chars>"
"modification/art_support";"Artillery Support";"Support d'artillerie";"Supporto di Artiglieria";"Sperrfeuer anfordern";"Soporte de Artillería";"Артиллерия";"Артилерійська підтримка";"Wsparcie artyleryjskie";"Suporte de Artilharia";"Topçu Desteği";"포격 지원";"火\t炮\t支\t援";"砲撃支援";"火\t炮\t支\t援";"max 20 symbols";
"modification/art_support/desc";"An ability to make a call for artillery strike on indicated square.
Range - 700 m
Accuracy - medium
Explosive force - medium";"Capacité à lancer un appel à l'artillerie sur une case donnée.
Portée - 700 m
Précision - moyenne
Force explosive - moyenne";"Possibilità di effettuare una chiamata di artiglieria sul riquadro indicato.
Raggio - 700 m
Precisione - media
Forza esplosiva - media";"Die Fähigkeit, einen Artillerieangriff auf ein bestimmtes Feld zu rufen.
Reichweite - 700 m
Genauigkeit - mittel
Sprengkraft - mittel";"La habilidad de solicitar un ataque de artillería en la casilla indicada.
Alcance - 700 m
Precisión - media
Fuerza explosiva - media";"Возможность вызова артиллерийского удара по указанному квадрату.
Дальность - 700 метров
Точность - средняя
Сила взрыва - средняя";"Можливість виклику артилерійського удару по вказаному квадрату.
Дальність — 700 м
Точність — середня
Вибухова сила — середня";"Możliwość wezwania ostrzału artyleryjskiego we wskazanym kwadracie.
Zasięg - 700 m
Dokładność - średnia
Siła rażenia - średnia";"A capacidade de pedir um ataque de ataque de artilharia sobre o quadrado indicado.
Alcance - 700 m
Precisão - média
Força explosiva - média";"İşaretlenen bölgeye ateş desteği çağırma şansı.
Menzil - 700 m
İsabet - orta
Patlama gücü - orta";"정해진 범위에 지원 포격을 요청할 수 있습니다.
범위 - 700m
정확도 - 중간
폭발력 - 중간";"允\t许\t向\t地\t图\t中\t指\t定\t区\t域\t呼\t叫\t炮\t火\t打\t击。
呼\t叫\t范\t围：\t700 米
精\t确\t度：\t中\t等
爆\t炸\t威\t力：\t中\t等";"指定した\t地点に\t砲撃を\t要請する\t能力。\t
射程 - 700 m
精度 - 中
爆発力 - 中";"可\t在\t指\t定\t方\t形\t範\t圍\t內\t呼\t叫\t火\t砲\t攻\t擊\t的\t能\t力。
範\t圍：\t700 公\t尺
精\t準\t度：\t中\t等
爆\t炸\t強\t度：\t中\t等";;
"modification/art_support_highcaliber";"High calibre";"Gros calibre";"Grosso calibro";"Großkaliber";"Gran calibre";"Крупный калибр";"Великий калібр";"Duży kaliber";"Alto calibre";"Yüksek kalibre";"대구경 포격";"大\t口\t径";"大口径";"大\t口\t徑";"max 20 symbols";
"modification/art_support_highcaliber/desc";"A high calibre artillery salvo. Effective against heavy vehicles.
Range - 700 m
Accuracy - low
Explosive force - high";"Une salve d'artillerie de gros calibre. Efficace contre les véhicules lourds.
Portée - 700 m
Précision - faible
Force explosive - élevée";"Una salva d'artiglieria d'alto calibro. Efficace contro mezzi pesanti.
Raggio - 700 m
Precisione - bassa
Forza esplosiva - alta";"Eine großkalibrige Artilleriesalve. Effektiv gegen schwere Fahrzeuge.
Reichweite – 700 m
Treffsicherheit – gering
Sprengkraft – hoch";"Una salva de artillería de alto calibre. Eficaz contra vehículos pesados.
Alcance - 700 m
Precisión - baja
Fuerza explosiva - alta";"Залп крупнокалиберной артиллерии. Эффективен против тяжёлой техники. 
Дальность - 700 метров
Точность - низкая
Сила взрыва - большая";"Великокаліберний артилерійський залп. Ефективний проти важкої техніки.
Дальність — 700 м
Точність — низька
Сила вибуху — висока";"Salwa artyleryjska dużego kalibru. Skuteczna przeciwko ciężkim pojazdom.
Zasięg - 700 m
Celność - niska
Siła rażenia - wysoka";"Salva de artilharia de alto calibre. Eficaz contra veículos pesados.
Alcance - 700 m
Exatidão - baixa
Força explosiva - alta";"Yüksek kalibre topçu salvosu. Ağır araçlara karşı etkili.
Menzil - 700 m
İsabet - düşük
Patlama gücü - yüksek";"대구경 포탄이 투하됩니다. 두꺼운 장갑을 지닌 장비에도 타격을 입힐 수 있습니다.
범위 - 700m
정확도 - 낮음
폭발력 - 높음";"呼\t叫\t大\t口\t径\t火\t炮\t齐\t射，\t可\t有\t效\t反\t制\t重\t型\t装\t甲\t单\t位。
呼\t叫\t范\t围：\t700 米
精\t确\t度：\t低
爆\t炸\t威\t力：\t高";"大口径砲一斉射撃。\t重車両に\t対して\t効果的。\t
射程 - 700 m
精度 - 低
爆発力 - 高";"呼\t叫\t大\t口\t徑\t火\t砲\t齊\t射，\t可\t有\t效\t反\t制\t重\t型\t裝\t甲\t單\t位。
呼\t叫\t範\t圍：\t700 公\t尺
精\t確\t度：\t低
爆\t炸\t威\t力：\t高";;
"modification/art_support_mortars";"Mortars";"Mortiers";"Mortai";"Mörser";"Morteros";"Миномёты";"Міномети";"Moździerze";"Morteiros";"Havan topu";"박격포격";"迫\t击\t炮";"迫撃砲";"迫\t擊\t砲";"max 20 symbols";
"modification/art_support_mortars/desc";"Saturation fire from mortars. Effective against light vehicles.
Range - 840 m
Accuracy - very high
Explosive force - low";"Tirs de saturation des mortiers. Efficace contre les véhicules légers.
Portée - 840 m
Précision - très élevée
Force explosive - faible";"Saturazione di fuoco dai mortai. Efficace contro mezzi leggeri.
Raggio - 840 m
Precisione - molto alta
Forza esplosiva - bassa";"Sperrfeuer aus Mörsern. Effektiv gegen leichte Fahrzeuge.
Reichweite – 840 m
Treffsicherheit – sehr hoch
Sprengkraft – gering";"Fuego de saturación de morteros. Eficaz contra vehículos ligeros.
Alcance - 840 m
Precisión - muy alta
Fuerza explosiva - baja";"Массированный огонь из миномётов. Эффективен против лёгкой техники. 
Дальность - 840 метров
Точность - очень высокая
Сила взрыва - малая";"Щільний вогонь із мінометів. Ефективний проти легкої техніки.
Дальність — 840 м
Точність — дуже висока
Сила вибуху — низька";"Ostrzał z moździerzy. Skuteczny przeciwko lekkim pojazdom.
Zasięg - 840 m
Celność - bardzo wysoka
Siła rażenia - niska";"Fogo de saturação de morteiros. Eficaz contra veículos ligeiros.
Alcance - 840 m
Exatidão - muito alta
Força explosiva - baixa";"Havanlardan satürasyon ateşi. Hafif araçlara karşı etkili
Menzil - 840 m
İsabet - çok yüksek
Patlama gücü - düşük";"박격포를 사용해 포화 공격을 진행합니다. 얇은 장갑을 지닌 장비에 타격을 입힐 수 있습니다.
범위 - 840m
정확도 - 매우 높음
폭발력 - 낮음";"呼\t叫\t迫\t击\t炮\t对\t指\t定\t区\t域\t展\t开\t饱\t和\t炮\t击，\t对\t于\t轻\t装\t甲\t单\t位\t尤\t其\t致\t命。
呼\t叫\t范\t围：\t840 米
精\t确\t度：\t非\t常\t高
爆\t炸\t威\t力：\t低";"迫撃砲による\t飽和攻撃。\t軽車両に\t対して\t効果的。\t
射程 - 840 m
精度 - 超高
爆発力 - 低";"呼\t叫\t迫\t擊\t砲\t對\t指\t定\t區\t域\t展\t開\t飽\t和\t砲\t擊，\t對\t於\t輕\t裝\t甲\t單\t位\t尤\t其\t致\t命。
呼\t叫\t範\t圍：\t840 公\t尺
精\t確\t度：\t非\t常\t高
爆\t炸\t威\t力：\t低";;
"modification/art_support_smoke";"Smoke shells";"Obus fumigènes";"Granate fumogene";"Rauchmunition";"Proyectiles de humo";"Дымовые снаряды";"Димові снаряди";"Pociski dymne";"Projéteis de fumaça";"Sis Mermisi";"연막 포격";"烟\t雾\t弹";"発煙弾";"煙\t霧\t彈";"max 20 symbols";
"modification/art_support_smoke/desc";"Non-lethal artillery. Covers an area with an aimed smoke screen.
Range - 525 m
Accuracy - high
Explosive force - very low";"Artillerie non létale. Couvre une zone d'un écran de fumée ciblé.
Portée - 525 m
Précision - élevée
Force explosive - très faible";"Artiglieria non letale. Copre l'area puntata con una cortina fumogena.
Raggio - 525m
Precisione - alta
Forza esplosiva - molto bassa";"Nicht-tödliche Artillerie. Deckt ein Gebiet mit einer gezielten Nebelvorhang ab.
Reichweite – 525 m
Treffsicherheit – hoch
Sprengkraft – sehr gering";"Artillería no letal. Cubre una zona con una pantalla de humo apuntada.
Alcance - 525 m
Precisión - alta
Fuerza explosiva - muy baja";"Нелетальная артиллерия. Накрывает участок местности дымовой завесой.
Дальность - 525 метров
Точность - высокая
Сила взрыва - очень маленькая";"Нелетальна артилерія. Укриває територію прицільною димовою завісою.
Дальність — 525 м
Точність — висока
Сила вибуху — дуже низька";"Nieśmiercionośna artyleria. Pokrywa obszar zasłoną dymną.
Zasięg - 525 m
Dokładność - wysoka
Siła rażenia - bardzo niska";"Artilharia não mortífera. Cobre uma área com uma cortina de fumaça.
Alcance - 525 m
Exatidão - alta
Força explosiva - muito baixa";"Öldürücü olmayan topçu ateşi. Nişan alınan alanı sis perdesi ile kaplar.
Menzil - 525 m
İsabet - yüksek
Patlama gücü - çok düşük";"지정한 위치에 살상력이 없는 연막탄을 투하합니다.
범위 - 525m
정확도 - 높음
폭발력 - 매우 낮음";"呼\t叫\t火\t炮\t阵\t地\t对\t指\t定\t区\t域\t进\t行\t烟\t幕\t覆\t盖，\t无\t法\t对\t敌\t方\t装\t甲\t车\t辆\t造\t成\t伤\t害。
呼\t叫\t范\t围：\t525 米
精\t确\t度：\t高
爆\t炸\t威\t力：\t非\t常\t低";"非致死性砲撃。\t煙幕で\tエリアを\t覆う。\t
射程 - 525 m
精度 - 高
爆発力 - 超低";"呼\t叫\t火\t砲\t陣\t地\t對\t指\t定\t區\t域\t進\t行\t煙\t幕\t覆\t蓋，\t無\t法\t對\t敵\t方\t裝\t甲\t車\t輛\t造\t成\t傷\t害。
呼\t叫\t範\t圍：\t525 公\t尺
精\t確\t度：\t高
爆\t炸\t威\t力：\t非\t常\t低";;
"modification/smoke";"Smoke screen";"Écran de fumée";"Cortina fumogena";"Nebelvorhang";"Cortina de humo";"Дымовая завеса";"Димова завіса";"Zasłona dymna";"Cortina de fumaça";"Sis perdesi";"연막 차장";"释\t放\t烟\t雾";"煙幕";"煙\t霧";"max 20 symbols";
"modification/tank_smoke_screen_low_cooldown";"Reload system";"Système de rechargement";"Ricarica il sistema";"Nachladen des Systems";"Sistema de recarga";"Система перезарядки";"Система перезаряджання";"Przeładowanie systemu";"Sistema de recarregamento";"Yükleme sistemi";"재장전 시스템";"复\t装\t系\t统";"リロードシステム";"复\t裝\t系\t統";"max 20 symbols";
"modification/tank_smoke_screen_low_cooldown/desc";"Increases the speed of a smoke screen and ESS reload by 60%.";"Augmente la vitesse de création d'un écran de fumée et le rechargement ESS de 60 %.";"Aumenta la velocità della ricarica della cortina fumogena e ESS del 60%.";"Erhöht die Geschwindigkeit des Nachladens eines Nebelvorhangs und des ESS um 60 %.";"Aumenta la velocidad de recarga de la cortina de humo y del ESS en un 60%.";"На 60% ускоряет перезарядку дымовых гранат и ТДА.";"Збільшує швидкість встановлення димової завіси та перезаряджання ТДА на 60%.";"Zwiększa szybkość przeładowania zasłony dymnej i ESS o 60%.";"Aumenta a rapidez de uma cortina de fumaça e recarregamento ESS em 60%.";"Sis perdesi hızı ve ESS yeniden yükleme hızını %60 oranında artırır.";"ESS와 연막탄의 재장전 속도를 60% 증가시킵니다.";"烟\t雾\t弹\t装\t填\t速\t度\t以\t及\t引\t擎\t发\t烟\t装\t置\t整\t备\t速\t度\t加\t快 60%";"煙幕と\tエンジン\t発煙\tシステムの\tリロードスピードを\t60%アップする。";"煙\t霧\t彈\t裝\t填\t速\t度\t以\t及\t引\t擎\t發\t煙\t裝\t置\t整\t備\t速\t度\t加\t快 60%";;
"modification/tank_smoke_screen_long_duration";"Dense smoke";"Fumée dense";"Fumogeno denso";"Dichter Rauch";"Humo denso";"Плотный дым";"Густий дим";"Gęsty dym";"Fumaça espessa";"Yoğun sis";"짙은 연막";"防\t御\t烟\t幕";"濃煙";"防\t禦\t煙\t幕";"max 20 symbols";
"modification/tank_smoke_screen_long_duration/desc";"Increases the duration of smoke screen from smoke grenades and ESS.";"Augmente la durée de l'écran de fumée des grenades fumigènes et de l'ESS.";"Aumenta la durata delle cortine fumogene dalle granate fumogene e ESS.";"Erhöht die Dauer des Nebelvorhangs von Rauchgranaten und ESS.";"Aumenta la duración de la cortina de humo de las granadas de humo y ESS.";"На 40% увеличивает время действия дымовой завесы от дымовых гранат и ТДА.";"Збільшує тривалість димової завіси від димових гранат і ТДА.";"Wydłuża czas działania zasłony dymnej z granatów dymnych i ESS.";"Aumenta a duração da cortina de fumaça das granadas e ESS.";"Sis bombaları ve ESS' ile oluşturan sis perdesi süresini artırır.";"연막탄과 ESS 에서 만들어진 연막의 지속 시간이 증가합니다.";"延\t长\t烟\t雾\t弹\t与\t引\t擎\t发\t烟\t装\t置\t产\t生\t烟\t幕\t的\t有\t效\t时\t间。";"発煙弾および\tエンジン\t発煙\tシステムによる\t煙幕の\t時間を\t長くする。";"延\t長\t煙\t霧\t彈\t與\t引\t擎\t發\t煙\t裝\t置\t產\t生\t煙\t幕\t的\t有\t效\t時\t間。";;
"modification/tank_smoke_screen_smoke_shell";"Smoke shell";"Obus fumigène";"Granata fumogena";"Rauchmunition";"Proyectil de humo";"Дымовой снаряд";"Димовий снаряд";"Pocisk dymny";"Projétil de fumaça";"Sis Mermisi";"연막탄";"烟\t雾\t弹";"発煙弾";"煙\t霧\t彈";"max 20 symbols";
"modification/tank_smoke_screen_smoke_shell/desc";"Gives access to smoke shells (maximum 2 per drive) to some tanks in the platoon. Before using them, change one of shell types to smoke in the battle vehicle and armament selection window.";"Donne accès aux obus fumigènes (maximum 2 par sortie) à certains chars du peloton. Avant de les utiliser, changez l'un des types d'obus en fumigène dans la fenêtre de sélection du véhicule de combat et de l'armement.";"Permette l'accesso alle granate fumogene (massimo 2 per guida) ad alcuni carri nel plotone. Prima di usarli, cambia un tipo di colpi a quello fumogeno nella finestra di scelta armamento del veicolo.";"Gewährt einigen Panzern im Zug Zugang zu Rauchmunition (maximal 2 pro Fahrt). Ändere vor der Verwendung einen der Munitionstypen im Auswahlfenster für Kampffahrzeuge und Bewaffnung auf Rauch.";"Da acceso a proyectiles de humo (máximo 2 por unidad) a algunos tanques del pelotón. Antes de utilizarlos, cambia uno de los tipos de proyectil a humo en la ventana de selección de vehículo de combate y armamento.";"Предоставляет доступ к дымовым снарядам (не более двух на выезд) некоторым танкам во взводе. Перед использованием необходимо заменить один из снарядов на дымовые в окне выбора техники в бою.";"Відкриває доступ до димових снарядів (макс. 2 на один привод) для деяких танків взводу. Перед їх використанням змініть один із типів снарядів на димовий у вікні вибору бойової техніки й озброєння.";"Daje dostęp do pocisków dymnych (maksymalnie 2 na pojazd) niektórym czołgom w plutonie. Przed ich użyciem należy zmienić jeden z typów pocisków na dymne w oknie wyboru pojazdu i uzbrojenia.";"Permite o acesso a projéteis de fumo (máximo de 2 por veículo) para alguns tanques do pelotão. Antes de os usar, mudeo tipo de projétil para fumo no veículo e na janela de seleção do armamento.";"Birlikteki bazı tanklara duman mermilerine (sürüş başı en fazla 2 adet) erişim hakkı verir. Kullanmadan önce, savaşılan aracın mühimmat seçim ekranında mermi tiplerinden birini duman olarak değiştirin.";"소대 내 일부 전차가 연막탄을 사용할 수 있게 됩니다 (최대 2대). 사용 전, 무장 선택 창에서 해당 장비의 탄종을 연막탄으로 변경해야 합니다. ";"允\t许\t队\t列\t中\t部\t分\t坦\t克\t携\t带\t烟\t雾\t弹\t（每\t辆\t坦\t克\t最\t多\t携\t带 2 枚）\t参\t加\t战\t斗。\t使\t用\t烟\t雾\t弹\t前\t必\t须\t在\t出\t击\t前\t或\t在\t武\t器\t选\t择\t界\t面\t为\t载\t具\t配\t备\t烟\t雾\t弹。";"小隊内の\t一部の\t戦車が\t発煙弾を\t使えるようになる（装置\t1基につき\t最大\t2発）。\t使用する\t前に、\t戦闘車両と\t兵器選択\tウィンドウで\t砲弾\tタイプの\t一つを\t煙に\t変更しよう。";"允\t許\t小\t隊\t中\t部\t分\t坦\t克\t攜\t帶\t煙\t霧\t彈\t（每\t輛\t坦\t克\t最\t多\t攜\t帶 2 枚）\t參\t加\t戰\t鬥。\t使\t用\t煙\t霧\t彈\t前\t必\t須\t在\t出\t擊\t前\t或\t在\t武\t器\t選\t擇\t界\t面\t為\t載\t具\t配\t備\t煙\t霧\t彈。";;
"modification/belts";"Machine gun belts";"Ceinture de mitrailleuse";"Nastri di mitragliatrice";"Maschinengewehrgurte";"Cinturones de ametralladora";"Пулемётные ленты";"Кулеметні стрічки";"Taśmy do karabinu maszynowego";"Cintas de metralhadora";"Makineli tüfek kemeri";"기관총 탄띠";"机\t枪\t弹\t链";"機関銃\tベルト";"機\t槍\t彈\t鏈";"max 20 symbols";
"modification/machinegun_belt_tracer";"Tracer belt";"Ceinture de balles traçantes";"Nastro con traccianti";"Leuchtspurgeschoss-Gurt";"Cinturón de trazadoras";"Трассирующая лента";"Трасуюча стрічка";"Taśma smugowa";"Cinta de balas tracejantes";"İzli mermi kemeri";"예광탄 탄띠";"曳\t光\t弹\t链";"曳光弾\tベルト";"曳\t光\t彈\t鏈";"max 20 symbols";
"modification/machinegun_belt_tracer/desc";"Tracer bullets in the belt leave a smoke trace in the air. It is effective against unarmoured targets, causing fire on piercing more often, while piercing the armour less effectively.";"Les balles traçantes dans la ceinture laissent une trace de fumée dans l'air. C'est efficace contre les cibles non blindées, provoquant plus souvent des incendies lors des pénétrations, tout en perçant moins efficacement le blindage.";"I proiettili traccianti rilasciano una traccia fumogena in aria. E' efficace contro bersagli non corazzati, causando incendi più frequenti mentre la penetrazione è meno efficace.";"Leuchtspurgeschosse im Gurt hinterlassen eine Leuchtspur in der Luft. Sie sind effektiv gegen ungepanzerte Ziele und verursachen häufiger Feuer nach dem Durschlag, wobei sie die Panzerung weniger effektiv durchschlagen.";"Las balas trazadoras del cinturón dejan un rastro de humo en el aire. Es eficaz contra objetivos sin blindaje, provocando fuegos al perforar con mayor frecuencia, mientras que perfora el blindaje con menor eficacia.";"Трассирующие пули этой ленты оставляют в воздухе дымный след. Лента эффективна против небронированных целей и чаще вызывает возгорание при пробитии. Слабее прочих лент пробивает броню.";"Трасуючі кулі в стрічці залишають димовий слід у повітрі. Ефективно проти неброньованих цілей, частіше викликає пожежу при влучанні, але менш ефективно пробиває броню.";"Pociski smugowe w taśmie pozostawiają w powietrzu ślad dymu. Jest skuteczny przeciwko nieopancerzonym celom, częściej powodując pożar przy przebiciu, ale ma gorsze przebicie pancerza.";"As balas tracejantes no cinturão deixam um rasto de fumaça no ar. São eficazes contra alvos sem blindagem, provocando mais frequentemente incêndios quando penetram, mas são menos eficazes na penetração.";"Kemerdeki izli mermiler havada bir duman izi bırakır. Zırhsız hedeflere karşı etkildiir, delme halinde çok sık yangın çıkarır, ancak delme konusunda daha etkisizdir.";"탄띠에 든 예광탄은 공중에 옅은 연기를 남깁니다. 장갑이 없는 장비를 상대할 때 효과적이며 관통 시 화재가 일어날 확률이 높지만, 약간 낮은 관통력을 가지고 있습니다.";"曳\t光\t弹\t会\t在\t空\t中\t留\t下\t明\t显\t的\t飞\t行\t轨\t迹。\t用\t于\t对\t抗\t非\t装\t甲\t目\t标\t非\t常\t有\t效，\t可\t大\t大\t提\t升\t目\t标\t被\t命\t中\t后\t的\t起\t火\t几\t率，\t而\t穿\t甲\t性\t能\t则\t有\t所\t下\t降。";"ベルトの\t曳光弾は\t空中に\t煙の\t跡を\t残す。\tこれは\t非装甲の\t標的に\t対して\t有効で、\t貫通時に\t発火する\t確率が\t高くなるが、\t装甲を\t貫通する\t効果は\t低い。";"曳\t光\t彈\t會\t在\t空\t中\t留\t下\t明\t顯\t的\t飛\t行\t軌\t跡。\t用\t於\t對\t抗\t非\t裝\t甲\t目\t標\t非\t常\t有\t效，\t可\t大\t大\t提\t升\t目\t標\t被\t命\t中\t後\t的\t起\t火\t機\t率，\t而\t穿\t甲\t性\t能\t則\t有\t所\t下\t降。";;
"modification/machinegun_belt_ap";"Armour piercing belt";"Ceinture anti-blindage";"Nastro con colpi perforanti";"Panzerbrechender Gurt";"Cinturón perforante de armadura";"Бронебойная лента";"Бронебійна стрічка";"Taśma przeciwpancerna";"Cinta de balas penetrantes";"Zırh delici mermi kemeri";"철갑탄 탄띠";"穿\t甲\t弹\t链";"装甲貫通\tベルト";"穿\t甲\t彈\t鏈";"max 20 symbols";
"modification/machinegun_belt_ap/desc";"The belt mostly consists of armour piercing bullets. It easily pierces thinner armour, but it's worse against aircraft.";"La ceinture se compose principalement de balles perforantes. Elles percent facilement les blindages les plus fins, mais c'est moins efficace contre les avions.";"Il caricatore consiste in gran parti di colpi penetranti. Penetrano più facilmente le corazze sottili ma sono peggiori contro gli aerei.";"Der Gurt besteht hauptsächlich aus panzerbrechenden Geschossen. Sie durchschlagen leicht dünnere Panzerung, sind aber gegen Flugzeuge weniger effektiv.";"El cinturón se compone principalmente de balas perforantes. Perfora fácilmente los blindajes más finos, pero es peor contra los aviones.";"Большинство пуль в ленте бронебойные. Лента эффективна против тонкой брони. Слабее прочих лент справляется с авиацией.";"Здебільшого стрічка складається з бронебійних куль. Легко пробиває тоншу броню, але менш ефективно проти літаків.";"Taśma składa się głównie z pocisków przeciwpancernych. Z łatwością przebija cieńszy pancerz, ale gorzej radzi sobie z samolotami.";"O cinturão consiste principalmente em balas penetrantes. As munições penetram a blindagem mais fina, mas são piores contra aeronaves.";"Kemer büyük ölçüde zırh delici mermilerden oluşur. İnce zırhı rahatlıkla deler ancak uçaklara karşı daha kötüdür.";"대부분 철갑탄으로 이루어진 탄띠입니다. 얇은 장갑 정도는 쉽게 관통할 수 있지만, 항공기를 상대하기에는 효율적이지 않습니다.";"该\t弹\t链\t主\t要\t组\t分\t为\t穿\t甲\t弹。\t可\t轻\t易\t撕\t碎\t轻\t装\t甲\t目\t标\t的\t防\t护，\t但\t用\t于\t对\t抗\t空\t中\t单\t位\t的\t毁\t伤\t相\t较\t其\t他\t弹\t药\t要\t更\t弱\t一\t些。";"ベルトのほとんどは\t徹甲弾から\t構成されている。\t薄い\t装甲は\t簡単に\t貫通するが、\t航空機に\t対しては\t歯がたたない。";"該\t彈\t鍊\t主\t要\t組\t分\t為\t穿\t甲\t彈。\t可\t輕\t易\t撕\t碎\t輕\t裝\t甲\t目\t標\t的\t防\t護，\t但\t用\t於\t對\t抗\t空\t中\t單\t位\t的\t毀\t傷\t相\t較\t其\t他\t彈\t藥\t要\t更\t弱\t一\t些。";;
"modification/machinegun_belt_stealth";"Stealth belt";"Ceinture furtive";"Nastro senza traccianti";"Gurt ohne Leuchtspurmunition";"Cinturón de sigilo";"Скрытая лента";"Стрічка для скритних атак";"Taśma niewidzialna";"Cinta de munições furtivas";"Gizli kemer";"무예광 탄띠";"匿\t踪\t弹\t链";"ステルスベルト";"匿\t踪\t彈\t鏈";"max 20 symbols";
"modification/machinegun_belt_stealth/desc";"The belt lacks tracer bullets, making firing less noticeable. It makes firing at long distances more difficult.";"La ceinture n'a pas de balles traçantes, ce qui rend le tir moins perceptible. Cela rend plus difficile le tir à longue distance.";"Le munizioni non hanno proiettili traccianti, facendoli diventare meno ravvisabili. Rendono il fuoco alle lunghe distanze più difficile.";"Der Gurt enthält keine Leuchtspurgeschosse, was das Abfeuern weniger gut erkennbar macht. Er erschwert das Schießen auf große Entfernungen.";"El cinturón carece de balas trazadoras, lo que hace que los disparos sean menos perceptibles. Hace más difícil disparar a larga distancia.";"В ленте отсутствуют трассирующие пули, делая стрельбу менее заметной. Затрудняет стрельбу на дальние дистанции.";"Стрічка без трасуючих куль, завдяки чому стрільба з неї менш помітна. Ускладнює стрільбу на далекі відстані.";"Taśma nie zawiera pocisków smugowych, dzięki czemu strzelanie jest mniej zauważalne. Utrudnia to strzelanie na duże odległości.";"Faltam balas tracejantes no cinturão, tornando o tiro menos evidente. Torna mais difícil disparar a grandes distâncias.";"Kemer'de izli mermi bulunmaz, bu yüzden atış daha az belirgin olur. Uzun mesafelerde atış yapmayı zorlaştırır.";"탄띠에 예광탄이 존재하지 않으므로 사격하는 위치가 노출될 확률이 줄어들지만, 장거리 사격 시의 난이도가 올라갑니다.";"该\t弹\t链\t不\t包\t含\t任\t何\t曳\t光\t弹\t药。\t敌\t方\t单\t位\t难\t以\t察\t觉\t遭\t受\t火\t力，\t不\t过\t也\t让\t远\t距\t离\t命\t中\t敌\t人\t变\t得\t更\t加\t困\t难。";"ベルトに\t曳光弾がないため、\t発砲が\t目立たなくなる。\t遠距離射撃が\t難しくなる。";"該\t彈\t鏈\t不\t包\t含\t任\t何\t曳\t光\t彈\t藥。\t敵\t方\t單\t位\t難\t以\t察\t覺\t遭\t受\t火\t力，\t不\t過\t也\t讓\t遠\t距\t離\t命\t中\t敵\t人\t變\t得\t更\t加\t困\t難。";;
"modification/shipWeapons";"Weapons";"Armes";"Armi";"Waffen";"Armas";"Вооружение";"Зброя";"Uzbrojenie";"Armas";"Silahlar";"무장";"武\t器\t配\t置";"武器";"武\t器";"max 20 symbols";
"modification/shipProtection";"Protection";"Protection";"Protezione";"Schutz";"Protección";"Защита";"Захищеність";"Ochrona";"Proteção";"Koruma";"방어력";"装\t甲\t防\t护";"防御力";"防\t禦\t改\t裝";"max 20 symbols";
"modification/shipMaintanance";"Maintenance";"Maintenance";"Manutenzione";"Instandsetzung";"Mantenimiento";"Подвижность и ремонт";"Обслуговування";"Konserwacja";"Manutenção";"Bakım";"정비";"后\t勤\t维\t护";"メンテナンス";"後\t勤\t維\t護";"max 20 symbols";
"modification/shipTorpedoes";"Torpedoes";"Torpilles";"Siluri";"Torpedos";"Torpedos";"Торпеды";"Торпеди";"Torpedy";"Torpedos";"Torpidolar";"어뢰";"鱼\t雷\t管\t理";"魚雷";"魚\t雷";;
"modification/weapons_contact_mines";"Moored contact mines";"Mines à orin à contact";"Mine a contatto ormeggiate";"Ankertauminen mit Kontaktzündung";"Minas de contacto amarradas";"Контактные мины";"Закріплені контактні міни";"Kontaktowe miny kotwiczne";"Minas de contacto ancoradas";"Demirlenmiş müsademeli mayınlar";"계류식 접촉기뢰";"触\t发\t引\t信\t系\t留\t水\t雷";"係維触発機雷";"觸\t發\t引\t信\t繫\t留\t水\t雷";"max 20 symbols";
"modification/weapons_contact_mines/desc";"Drops near the water surface
Deal massive amount of damage on contact with enemies";"Larguée près de la surface de l'eau
Inflige une quantité importante de dégâts au contact des ennemis";"Viene sganciata sulla superficie dell'acqua
Infligge grossi danni al contatto con i nemici";"Abwurf nahe der Wasseroberfläche
Verursachen bei Kontakt mit Feinden massiven Schaden";"Cae cerca de la superficie del agua
Infligen una cantidad de daño masiva al contacto con los enemigos";"Устанавливаются у поверхности воды
Наносят большое количество урона при контакте с противником";"Застосовуються біля поверхні води
Завдають значної шкоди при контакті з ворогом";"Spada blisko powierzchni wody
Zadaje ogromne obrażenia w kontakcie z wrogami";"Largadas perto da superfície da água
Provocam danos massivos quando entram em contacto com o inimigo";"Su yüzeyine yakın bırakılır
Doğrudan temasta düşmana çok büyük hasar verir";"수면 위에 투하되는 무기입니다.
적에게 닿을 경우, 폭발하여 큰 피해를 입힙니다.";"可\t投\t放\t系\t留\t在\t水\t面\t上
一\t旦\t触\t发\t可\t对\t敌\t方\t目\t标\t造\t成\t可\t观\t伤\t害";"水面近くで\t落下する
敵と\t接触すると\t大\tダメージを\t与える";"可\t投\t放\t系\t留\t在\t水\t面\t上
一\t旦\t觸\t發\t可\t對\t敵\t方\t目\t標\t造\t成\t客\t觀\t傷\t害";;
"modification/weapons_depth_charges";"Depth charges";"Grenades anti-sous-marine";"Cariche di profondità";"Wasserbomben";"Cargas de profundidad";"Глубинные бомбы";"Глибинні бомби";"Bomby głębinowe";"Cargas de profundidade";"Sualtı bombaları";"폭뢰";"深\t水\t炸\t弹";"爆雷";"深\t水\t炸\t彈";"max 20 symbols";
"modification/weapons_depth_charges/desc";"Can be used to attack a submarine near the vessel";"Peut être utilisé pour attaquer un sous-marin près du navire";"Può essere usata per attaccare un sommergibile vicino al vascello";"Kann verwendet werden, um ein U-Boot in der Nähe des Schiffes anzugreifen";"Puede utilizarse para atacar a un submarino cerca del buque";"Подходят для атаки подводной лодки вблизи корабля";"Можуть використовуватися для атаки підводних човнів поряд із кораблями";"Może być użyty do ataku na okręt podwodny w pobliżu";"Pode ser usadas para atacar um submarino junto do navio";"Gemiye yakın bir denizaltıya saldırı için kullanılabilir";"잠수함이나 근처에 있는 함선을 공격할 때 사용됩니다.";"可\t用\t于\t反\t制\t舰\t艇\t周\t围\t的\t潜\t艇\t单\t位";"艦船近くの\t潜水艦への\t攻撃に\t使用できる";"可\t用\t於\t反\t制\t艦\t艇\t周\t圍\t的\t潛\t艇\t單\t位";;
"modification/weapons_torpedo_movement_mode";"Faster torpedo";"Torpille plus rapide";"Siluro più veloce";"Schnellerer Torpedo";"Torpedo más rápido";"Ускоренная торпеда";"Швидка торпеда";"Szybsza torpeda";"Torpedo mais rápido";"Daha hızlı torpidolar";"고속 어뢰";"高\t速\t鱼\t雷";"高速魚雷";"高\t速\t魚\t雷";"max 20 symbols";
"modification/weapons_torpedo_movement_mode/desc";"Faster but less powerful torpedo
+30% to torpedo speed
-30% to damage";"Torpille plus rapide mais moins puissante
+30% à la vitesse des torpilles
-30% aux dégâts";"Siluro più veloce ma meno potente
+30% alla velocità
-30% ai danni";"Schnellerer, aber weniger starker Torpedo
+ 30 % auf Torpedogeschwindigkeit
- 30 % auf Schaden";"Torpedo más rápido pero menos potente
+30% a la velocidad del torpedo;
-30% al daño";"Более быстрая, но менее мощная торпеда
+30% к скорости торпеды
-30% к урону";"Швидша, але менш потужна торпеда
+30% швидкості торпеди
-30% шкоди";"Szybsza, ale mniej potężna torpeda
+30% do prędkości torpedy
-30% do obrażeń";"Torpedo mais rápido, mas menos poderoso
+30% de velocidade do torpedo
-30% de dano";"Daha hızlı fakat daha az güçlü torpido
+%30 torpido hızı
-%30 hasar";"속도는 빠르지만, 파괴력은 낮은 어뢰입니다.
어뢰 속도 +30%
피해량 -30%";"牺\t牲\t部\t分\t装\t药\t量\t以\t提\t高\t航\t速
鱼\t雷\t最\t大\t航\t速\t提\t升 30%
命\t中\t后\t伤\t害\t减\t少 30%";"速度は\t速いが\t威力の\t低い\t魚雷
魚雷\tスピード+30%
ダメージ-30%";"犧\t牲\t部\t分\t裝\t藥\t量\t以\t提\t高\t航\t速
魚\t雷\t最\t大\t航\t速\t提\t升 30%
命\t中\t後\t傷\t害\t減\t少 30%";;
"modification/weapons_torpedo_damage_mode";"Powered torpedo";"Torpille plus puissante";"Siluro potenziato";"Torpedo mit Antrieb";"Torpedo Potenciado";"Усиленная торпеда";"Підсилена торпеда";"Mocniejsza torpeda";"Torpedo poderoso";"Güçlendirilmiş torpido";"강화 어뢰";"高\t能\t鱼\t雷";"強化魚雷";"高\t能\t鱼\t雷";"max 20 symbols";
"modification/weapons_torpedo_damage_mode/desc";"More powerful but less fast torpedo
+30% to damage
-30% to torpedo speed";"Torpille plus puissante mais moins rapide
+30% aux dégâts
-30% à la vitesse des torpilles";"Siluro più potente ma meno veloce
+30% ai danni
-30% alla velocità";"Stärkerer, aber weniger schneller Torpedo
+ 30 % auf Schaden
- 30 % auf Torpedo-Geschwindigkeit";"Torpedo más potente pero menos rápido
+30% al daño 
-30% a la velocidad del torpedo";"Более мощная, но менее быстрая торпеда
+30% к урону
-30% к скорости хода";"Потужніша, але повільніша торпеда
+30% шкоди
-30% швидкості торпеди";"Potężniejsza, ale mniej szybka torpeda
+30% do obrażeń
-30% do prędkości torpedy";"Torpedo mais poderoso mas menos rápido
+30% de velocidade do torpedo
-30% de dano";"Daha güçlü fakat daha yavaş torpido
+%30 hasar
-%30 hız";"파괴력은 강하나, 속도가 느린 어뢰입니다.
피해량 +30%
어뢰 속도 -30%";"牺\t牲\t部\t分\t航\t行\t速\t度\t提\t升\t鱼\t雷\t威\t力
命\t中\t后\t伤\t害\t提\t升 30%
最\t大\t航\t行\t速\t度\t减\t少 30%";"威力は\t高いが\t速度は\t遅い\t魚雷
ダメージ+30%
魚雷\tスピード-30%";"犧\t牲\t部\t分\t航\t行\t速\t度\t提\t升\t魚\t雷\t威\t力
命\t中\t後\t傷\t害\t提\t升 30%
最\t大\t航\t行\t速\t度\t減\t少 30%";;
"modification/protection_ammo_wetting";"Storage wetting";"Inondation des soutes";"Bagno munizioni";"Nasse Lagerung";"Humectación del almacenamiento";"Орошение боеукладки";"Зрошування при зберіганні";"Mokry magazyn";"Armazenamento húmido";"Depo ıslatma";"습식 탄약고";"湿\t式\t弹\t药\t储\t备";"貯蔵庫湿潤";"濕\t式\t彈\t藥\t儲\t備";"max 20 symbols";
"modification/protection_ammo_wetting/desc";"Take less damage in case of detonation of the ammunition storages by 25%";"Subissez moins de dégâts en cas de détonation des stocks de munitions de 25 %";"Prendono meno danni in caso di detonazione delle stive munizioni del 25%";"Im Falle einer Detonation des Munitionslagers wird der Schaden um 25 % reduziert.";"Recibe un 25% menos de daño en caso de detonación de los depósitos de munición";"Снижает урон при детонации погребов боезапаса на 25%";"Зменшує шкоду від детонації складу боєприпасів на 25%";"Mniejsze obrażenia w przypadku detonacji magazynów amunicji o 25%";"Sofre menos danos em caso de detonação do depósito de munições em 25%";"Mühimmat depolarının infilak etmesi durumunda hasarı %15 azaltır";"습식 탄약고 시스템을 채택하여 화재 발생 시 탄약고 유폭 확률을 25% 줄여줍니다.";"弹\t药\t殉\t爆\t造\t成\t伤\t害\t减\t少 25%";"弾薬庫が\t爆発した\t際の\tダメージを\t25%低下させる";"彈\t藥\t殉\t爆\t造\t成\t傷\t害\t減\t少 25%";;
"modification/protection_new_sonar";"Sonar station";"Station sonar";"Stazione sonar";"Sonarstation";"Estación de sonar";"Гидроакустика";"Сонарна станція";"Sonar";"Estação de SONAR";"Sonar istasyonu";"소나 스테이션";"声\t呐\t设\t备";"音波探知基地";"聲\t吶\t設\t備";"max 20 symbols";
"modification/protection_new_sonar/desc";"Detects submarines near the ship
radius: up to 1,5 km 
depth: up to 50 m";"Détecte les sous-marins à proximité du navire
rayon: jusqu'à 1,5 km
profondeur: jusqu'à 50 m";"Avvista i sommergibili vicino alla nave
raggio: fino a 1,5km
profondità: fino a 50m";"Erkennt U-Boote in der Nähe des Schiffes
Radius: bis zu 1,5 km 
Tiefe: bis zu 50 m";"Detecta submarinos cerca del barco
radio: hasta 1,5 km 
profundidad: hasta 50 m";"Обнаруживает подводные лодки вокруг корабля
Радиус: до 1,5 км
Глубина: до 50 м";"Виявляє підводні човни поряд із кораблями
радіус: до 1,5 км 
глибина: до 50 м";"Wykrywa okręty podwodne w pobliżu okrętu
promień: do 1,5 km 
głębokość: do 50 m";"Deteta submarinos perto do navio
raio: até 1,5 km 
profundidade: até 50 m";"Gemiye yakın denizaltıları tespit eder
yarı çap: 1,5 km'ye kadar 
derinlik: 50 m'ye kadar";"함선 근처의 잠수함을 감지해낼 수 있습니다.
범위: 최대 1.5km
심도: 최대 50m";"探\t测\t舰\t艇\t周\t边\t潜\t艇\t单\t位\t的\t位\t置
探\t测\t半\t径：\t1.5 千\t米
探\t测\t深\t度：\t50 米";"艦船の\t辺くにある\t潜水艦を\t探知する
半径：\t最大\t1,5 km 
深度：\t最大\t50 m";"偵\t測\t船\t艦\t附\t近\t的\t潛\t艇
半\t徑：\t最\t大 1.5 公\t里
深\t度：\t最\t大 50 公\t尺";;
"modification/protection_new_fireProtection";"Fire protection";"Protection contre l’incendie";"Sistema antincendio";"Brandschutz";"Protección contra incendios";"Защита от пожара";"Протипожежна система";"Ochrona przeciwpożarowa";"Proteção contra fogo";"Yangından korunma";"방화 체계";"防\t火\t改\t造";"防火";"防\t火\t改\t造";"max 20 symbols";
"modification/protection_new_fireProtection/desc";"Take 50% less fire damage";"Subit 50% de dégâts de feu en moins";"Si subiscono il 50% in meno di danni da incendio";"50 % weniger Feuerschaden";"Recibe un 50% menos de daño por fuego";"Снижает урон от пожара на 50%";"Зменшення шкоди від пожежі на 50%";"Otrzymuje 50% mniej obrażeń od pożaru";"Sofre menos 50% de danos de fogo";"%50 daha az yangın hasarı al";"화재로 인한 피해가 50% 감소합니다.";"舰\t艇\t起\t火\t后\t造\t成\t的\t伤\t害\t减\t少 50%";"火災時の\tダメージを\t50%低下させる";"艦\t艇\t起\t火\t後\t造\t成\t的\t傷\t害\t減\t少 50%";;
"modification/maintanance_new_propellers";"New propellers";"Nouvelles hélices";"Nuove eliche";"Neue Propeller";"Hélices nuevas";"Новые винты";"Нові пропелери";"Nowe śruby napędowe";"Novas hélices";"Yeni pervaneler";"새 프로펠러";"螺\t旋\t桨\t翻\t新";"新しい\tプロペラ";"螺\t旋\t槳\t翻\t新";"max 20 symbols";
"modification/maintanance_new_propellers/desc";"Reduces the acceleration and deceleration times by 15%";"Réduit les temps d'accélération et de décélération de 15 %";"Riduce i tempi di accelerazione e decelerazione del 15%";"Reduziert die Beschleunigungs- und Abbremszeiten um 15 %";"Reduce el tiempo de aceleración y deceleración en un 15%";"Ускоряет разгон и остановку на 15%";"Зменшує час розгону та гальмування на 15%";"Skraca czas przyspieszania i zwalniania o 15%";"Reduz os tempos de aceleração e desaceleração em 15%";"Hızlanma ve yavaşlama süresini %15 azaltır";"가속 시간과 제동 시간이 15% 감소합니다.";"加\t速\t与\t减\t速\t效\t率\t均\t提\t升 15%";"加減と\t減速の\t時間を\t15%短縮させる";"加\t速\t與\t減\t速\t效\t率\t均\t提\t升 15%";;
"modification/maintanance_new_engines";"New engines";"Nouveaux moteurs";"Nuovi motori";"Neue Motoren";"Motores nuevos";"Новые машины";"Нові двигуни";"Nowe silniki";"Novos motores";"Yeni motorlar";"새 엔진";"轮\t机\t翻\t新";"新しい\tエンジン";"輪\t機\t翻\t新";"max 20 symbols";
"modification/maintanance_new_engines/desc";"Increases the maximum speed by 20%";"Augmente la vitesse maximale de 20%";"Aumenta la velocità massima del 20%";"Erhöht die Höchstgeschwindigkeit um 20 %.";"Aumenta la velocidad máxima en un 20%";"Увеличивает максимальную скорость на 20%";"Збільшує максимальну швидкість ходу на 20%";"Zwiększa prędkość maksymalną o 20%";"Aumenta a velocidade máxima em 20%";"Son hızı %20 artırır";"최대 속도가 20% 증가합니다.";"航\t行\t极\t速\t提\t升 20%";"最大速度を\t20%向上させる";"航\t行\t極\t速\t提\t升 20%";;
"modification/maintanance_powered_toolkit";"Enhanced toolkit";"Boîte à outils améliorée";"Attrezzi migliorati";"Verbessertes Toolkit";"Kit de herramientas mejorado";"Усиленный ремонт";"Покращений ремкомплект";"Ulepszony zestaw narzędzi";"Caixa de ferramentas melhorada";"İyileştirilmiş tamir kiti";"강화된 수리도구";"进\t阶\t维\t修\t套\t件";"強化工具\tセット";"進\t階\t維\t修\t套\t件";"max 20 symbols";
"modification/maintanance_powered_toolkit/desc";"Toolkits restore 15% more damage
Maximum times you can repair in battle is reduced by 3";"Les boîtes à outils restaurent 15 % de dégâts supplémentaires
Le nombre maximum de réparations en combat est réduit de 3";"Le cassette degli attrezzi fanno recuperare il 15% di danni in più
Le volte massime in cui ci si può riparare in battaglia è ridotto di 3";"Toolkits stellen 15 % mehr Schaden wieder her
Die maximale Anzahl an Reparaturen in einer Schlacht wird um 3 reduziert.";"Los kits de herramientas restauran un 15% más de daño
El número máximo de veces que puedes reparar en batalla se reducen por 3";"Ремкомплекты восстанавливают на 15% больше повреждений
Максимальное количество ремонтов бою меньше на 3";"Ремкомплект відновлює на 15% шкоди більше
Максимальну кількість ремонтів під час бою зменшено на 3";"Zestawy narzędzi przywracają 15% więcej uszkodzeń
Maksymalny czas naprawy w bitwie został skrócony o 3";"A caixa de ferramentas restaura mais 15% de dano
A quantidade máxima de vezes de reparações em combate é reduzida em 3";"Tamir kitleri %15 daha fazla hasar onarır
Muharebede yapabileceğiniz en fazla tamir sayısı 3 azalır";"수리도구를 통해 피해량의 15%를 추가로 복구합니다.
전투 중 수리할 수 있는 횟수가 3회 감소합니다.";"使\t用\t修\t理\t套\t件\t能\t够\t额\t外\t恢\t复 15% 耐\t久\t值
战\t斗\t中\t可\t用\t维\t修\t套\t件\t数\t量\t减\t少\t至 3 次";"工具\tセットの\tダメージ\t回復量が\t15%増加する
バトルで\t修理できる\t回数が\t3回少なくなる";"使\t用\t修\t理\t套\t件\t能\t夠\t額\t外\t恢\t復 15% 耐\t久\t值
戰\t鬥\t中\t可\t用\t維\t修\t套\t件\t數\t量\t減\t少\t至 3 次";;
"CLIPPED_LANG_KEEP_IT_ALWAYS_FIRST";;;;;;;;;;;;;;;"";
